"target","variable.units","variable.element","variable.context","taxon.group","ecological.group","alias","match"
"Algae (type A)","NISP","cyst","NA","Algae","ALGA","NA","NA"
"Algae (type B)","NISP","cyst","NA","Algae","ALGA","NA","NA"
"Algae (type C)","NISP","cyst","NA","Algae","ALGA","NA","NA"
"Algae undiff.","NISP","cyst (reticulate)","NA","Algae","ALGA","NA","NA"
"Botryococcus","NISP","colony","NA","Algae","ALGA","Botryococcus","NA"
"Hydrodictyon","NISP","colony","NA","Algae","ALGA","NA","NA"
"Pediastrum","NISP","colony","NA","Algae","ALGA","NA","NA"
"Pediastrum boryanum","NISP","colony","NA","Algae","ALGA","NA","NA"
"Pediastrum duplex","NISP","colony","NA","Algae","ALGA","NA","NA"
"Pediastrum simplex","NISP","colony","NA","Algae","ALGA","NA","NA"
"Pediastrum undiff.","NISP","colony","NA","Algae","ALGA","NA","NA"
"Aquilapollenites","NISP","pollen","anachronic","Vascular plants","ANAC","NA","NA"
"cf. Clavabivesiculites pannosus","NISP","pollen","anachronic","Vascular plants","ANAC","NA","NA"
"cf. Foveoinaperturites scaphoformis","NISP","palynomorph","anachronic","Vascular plants","ANAC","NA","NA"
"cf. Gemmainaperturites rugosus","NISP","palynomorph","anachronic","Vascular plants","ANAC","NA","NA"
"cf. Punctatisporites punctus","NISP","spore","anachronic","Vascular plants","ANAC","NA","NA"
"cf. Striatriletes bifurcus","NISP","spore","anachronic","Vascular plants","ANAC","NA","NA"
"Cingutriletes congruens","NISP","spore","anachronic","Vascular plants","ANAC","NA","NA"
"Cingutriletes densocingulatus","NISP","spore","anachronic","Vascular plants","ANAC","NA","NA"
"Cingutriletes interruptus","NISP","spore","anachronic","Vascular plants","ANAC","NA","NA"
"Cingutriletes parvicingulus","NISP","spore","anachronic","Vascular plants","ANAC","Cingutriletes parvicingulus","NA"
"Classopollis","NISP","pollen","anachronic","Vascular plants","ANAC","Classopollis","NA"
"Cymatiosphere","NISP","palynomorph","anachronic","Unidentified","ANAC","Cymatiosphere","NA"
"Foveotriletes triplanus","NISP","spore","anachronic","Vascular plants","ANAC","NA","NA"
"Psilatriletes excelsus","NISP","spore","anachronic","Vascular plants","ANAC","NA","NA"
"Psilatriletes vitreus","NISP","spore","anachronic","Vascular plants","ANAC","NA","NA"
"Psilatriletes vulgaris","NISP","spore","anachronic","Vascular plants","ANAC","NA","NA"
"Retitetradites monocolpatus","NISP","pollen","anachronic","Vascular plants","ANAC","NA","NA"
"Retitricolpites prolatus","NISP","pollen","anachronic","Vascular plants","ANAC","NA","NA"
"Unknown (Cretaceous)","NISP","palynomorph","anachronic","Unidentified","ANAC","NA","NA"
"Sphagnum","NISP","spore","NA","Bryophytes","AQBR","NA","NA"
"Acorus calamus","NISP","pollen","NA","Vascular plants","AQVP","NA","NA"
"Alisma","NISP","pollen","NA","Vascular plants","AQVP","NA","NA"
"Alismataceae","NISP","pollen","NA","Vascular plants","AQVP","NA","NA"
"Alismataceae undiff.","NISP","pollen","NA","Vascular plants","AQVP","NA","NA"
"Araceae subf. Lemnoideae","NISP","pollen","NA","Vascular plants","AQVP","Araceae subf. Lemnoideae","NA"
"Brasenia","NISP","pollen","NA","Vascular plants","AQVP","Brasenia","NA"
"Brasenia schreberi","NISP","pollen","NA","Vascular plants","AQVP","Brasenia schreberi","NA"
"Calla palustris","NISP","pollen","NA","Vascular plants","AQVP","NA","NA"
"Callitriche","NISP","pollen","NA","Vascular plants","AQVP","Callitriche","NA"
"Caltha","NISP","pollen","NA","Vascular plants","AQVP","NA","NA"
"Caltha palustris","NISP","pollen","NA","Vascular plants","AQVP","Caltha palustris","NA"
"Ceratophyllum","NISP","pollen","NA","Vascular plants","AQVP","NA","NA"
"cf. Decodon verticillatus","NISP","pollen","NA","Vascular plants","AQVP","NA","NA"
"cf. Hottonia palustris","NISP","pollen","NA","Vascular plants","AQVP","NA","NA"
"cf. Nymphaea","NISP","pollen","NA","Vascular plants","AQVP","NA","NA"
"cf. Utricularia","NISP","pollen","NA","Vascular plants","AQVP","NA","NA"
"Cyperaceae cf. Rhynchospora alba","NISP","pollen","NA","Vascular plants","AQVP","Cyperaceae cf. Rhynchospora alba","NA"
"Decodon verticillatus","NISP","pollen","NA","Vascular plants","AQVP","NA","NA"
"Drosera","NISP","pollen","NA","Vascular plants","AQVP","NA","NA"
"Echinodorus","NISP","pollen","NA","Vascular plants","AQVP","NA","NA"
"Elodea","NISP","pollen","NA","Vascular plants","AQVP","Elodea","NA"
"Eriocaulon","NISP","pollen","NA","Vascular plants","AQVP","NA","NA"
"Eriophorum","NISP","pollen","NA","Vascular plants","AQVP","NA","NA"
"Heteranthera","NISP","pollen","NA","Vascular plants","AQVP","NA","NA"
"Hippuris","NISP","pollen","NA","Vascular plants","AQVP","NA","NA"
"Hippuris vulgaris","NISP","pollen","NA","Vascular plants","AQVP","NA","NA"
"Hydrocharis","NISP","pollen","NA","Vascular plants","AQVP","NA","NA"
"Isoëtes","NISP","spore","NA","Vascular plants","AQVP","NA","NA"
"Isoëtes echinospora","NISP","spore","NA","Vascular plants","AQVP","Isoëtes echinospora","NA"
"Isoëtes lacustris","NISP","spore","NA","Vascular plants","AQVP","NA","NA"
"Isoëtes undiff.","NISP","spore","NA","Vascular plants","AQVP","NA","NA"
"Lemna","NISP","pollen","NA","Vascular plants","AQVP","NA","NA"
"Lemna-type","NISP","pollen","NA","Vascular plants","AQVP","Lemna-type","NA"
"Menyanthes","NISP","pollen","NA","Vascular plants","AQVP","NA","NA"
"Menyanthes trifoliata","NISP","pollen","NA","Vascular plants","AQVP","NA","NA"
"Myriophyllum","NISP","pollen","NA","Vascular plants","AQVP","NA","NA"
"Myriophyllum alterniflorum","NISP","pollen","NA","Vascular plants","AQVP","NA","NA"
"Myriophyllum alterniflorum-type","NISP","pollen","NA","Vascular plants","AQVP","NA","NA"
"Myriophyllum sibiricum","NISP","pollen","NA","Vascular plants","AQVP","NA","NA"
"Myriophyllum sibiricum-type","NISP","pollen","NA","Vascular plants","AQVP","NA","NA"
"Myriophyllum verticillatum-type","NISP","pollen","NA","Vascular plants","AQVP","NA","NA"
"Myriophyllum-type","NISP","pollen","NA","Vascular plants","AQVP","NA","NA"
"Nuphar","NISP","pollen","NA","Vascular plants","AQVP","NA","NA"
"Nuphar","NISP digitized","pollen","NA","Vascular plants","AQVP","NA","NA"
"Nymphaea","NISP","pollen","NA","Vascular plants","AQVP","NA","NA"
"Nymphaeaceae","NISP","leaf-hair base","NA","Vascular plants","AQVP","NA","NA"
"Nymphaeaceae","NISP","pollen","NA","Vascular plants","AQVP","NA","NA"
"Nymphaeaceae undiff.","NISP","pollen","NA","Vascular plants","AQVP","NA","NA"
"Nymphoides-type","NISP","pollen","NA","Vascular plants","AQVP","NA","NA"
"Pontederia","NISP","pollen","NA","Vascular plants","AQVP","NA","NA"
"Pontederiaceae","NISP","pollen","NA","Vascular plants","AQVP","NA","NA"
"Potamogeton","NISP","pollen","NA","Vascular plants","AQVP","NA","NA"
"Potamogeton","NISP digitized","pollen","NA","Vascular plants","AQVP","NA","NA"
"Potamogeton natans","NISP","pollen","NA","Vascular plants","AQVP","Potamogeton natans","NA"
"Potamogeton natans-type","NISP","pollen","NA","Vascular plants","AQVP","NA","NA"
"Potamogeton pectinatus-type","NISP","pollen","NA","Vascular plants","AQVP","NA","NA"
"Potamogeton-type","NISP","pollen","NA","Vascular plants","AQVP","Potamogeton-type","NA"
"Potamogeton/Triglochin","NISP","pollen","NA","Vascular plants","AQVP","Potamogeton/Triglochin","NA"
"Potamogetonaceae","NISP","pollen","NA","Vascular plants","AQVP","NA","NA"
"Potamogetonaceae undiff.","NISP","pollen","NA","Vascular plants","AQVP","NA","NA"
"Potamogetonaceae-type","NISP","pollen","NA","Vascular plants","AQVP","NA","NA"
"Ranunculus aquatilis","NISP","pollen","NA","Vascular plants","AQVP","NA","NA"
"Ranunculus aquatilis-type","NISP","pollen","NA","Vascular plants","AQVP","NA","NA"
"Ranunculus subg. Batrachium","NISP","pollen","NA","Vascular plants","AQVP","Ranunculus subg. Batrachium","NA"
"Ranunculus trichophyllus-type","NISP","pollen","NA","Vascular plants","AQVP","NA","NA"
"Rhynchospora","NISP","pollen","NA","Vascular plants","AQVP","Rhynchospora","NA"
"Rhynchospora alba","NISP","pollen","NA","Vascular plants","AQVP","NA","NA"
"Rhynchospora-type","NISP","pollen","NA","Vascular plants","AQVP","Rhynchospora-type","NA"
"Ruppia","NISP","pollen","NA","Vascular plants","AQVP","Ruppia","NA"
"Ruppia maritima","NISP","pollen","NA","Vascular plants","AQVP","Ruppia maritima","NA"
"Sagittaria","NISP","pollen","NA","Vascular plants","AQVP","NA","NA"
"Sarracenia","NISP","pollen","NA","Vascular plants","AQVP","Sarracenia","NA"
"Scheuchzeria","NISP","pollen","NA","Vascular plants","AQVP","Scheuchzeria","NA"
"Scheuchzeria palustris","NISP","pollen","NA","Vascular plants","AQVP","NA","NA"
"Sparganium","NISP","pollen","NA","Vascular plants","AQVP","NA","NA"
"Sparganium-type","NISP","pollen","NA","Vascular plants","AQVP","NA","NA"
"Spermatophyta undiff. (aquatics)","NISP","pollen","NA","Vascular plants","AQVP","NA","NA"
"Stratiotes","NISP","pollen","NA","Vascular plants","AQVP","Stratiotes","NA"
"Stuckenia","NISP","pollen","NA","Vascular plants","AQVP","NA","NA"
"Stuckenia cf. S. pectinata","NISP","pollen","NA","Vascular plants","AQVP","Stuckenia cf. S. pectinata","NA"
"Trapa","NISP","pollen","NA","Vascular plants","AQVP","Trapa","NA"
"Triglochin","NISP","pollen","NA","Vascular plants","AQVP","Triglochin","NA"
"Typha","NISP","pollen","NA","Vascular plants","AQVP","NA","NA"
"Typha","NISP digitized","pollen","NA","Vascular plants","AQVP","NA","NA"
"Typha (tetrad)","NISP","pollen","NA","Vascular plants","AQVP","NA","NA"
"Typha angustifolia","NISP","pollen","NA","Vascular plants","AQVP","NA","NA"
"Typha angustifolia-type","NISP","pollen","NA","Vascular plants","AQVP","NA","NA"
"Typha angustifolia/Sparganium","NISP","pollen","NA","Vascular plants","AQVP","NA","NA"
"Typha latifolia","NISP","pollen","NA","Vascular plants","AQVP","NA","NA"
"Typha undiff.","NISP","pollen","NA","Vascular plants","AQVP","NA","NA"
"Typha/Sparganium","NISP","pollen","NA","Vascular plants","AQVP","Typha/Sparganium","NA"
"Typha/Sparganium undiff.","NISP","pollen","NA","Vascular plants","AQVP","Typha/Sparganium undiff.","NA"
"Typhaceae","NISP","pollen","NA","Vascular plants","AQVP","Typhaceae","NA"
"Utricularia","NISP","pollen","NA","Vascular plants","AQVP","NA","NA"
"Utricularia vulgaris","NISP","pollen","NA","Vascular plants","AQVP","NA","NA"
"Viola palustris","NISP","pollen","NA","Vascular plants","AQVP","NA","NA"
"Zizania aquatica","NISP","pollen","NA","Vascular plants","AQVP","Zizania aquatica","NA"
"Charcoal","number","fragment","NA","Charcoal","CHAR","NA","NA"
"Dinoflagellata","NISP","cyst","anachronic","Dinoflagellates","DINO","NA","NA"
"Dinoflagellata","NISP","hystrichosphere cyst","NA","Dinoflagellates","DINO","NA","NA"
"Cladosporium","NISP","spore","NA","Fungi","FUNG","NA","NA"
"Fungi","NISP","spore","NA","Fungi","FUNG","NA","NA"
"Meliola","NISP","spore","NA","Fungi","FUNG","NA","NA"
"Sporormiella","NISP","spore","NA","Fungi","FUNG","NA","NA"
"Tilletia","NISP","spore","NA","Fungi","FUNG","NA","NA"
"Tilletia sphagni","NISP","spore","NA","Fungi","FUNG","NA","NA"
"Author's pollen sum","NISP","NA","NA","Laboratory analyses","LABO","NA","NA"
"Eucalyptus spike","number","counted","NA","Laboratory analyses","LABO","Eucalyptus spike","NA"
"Eucalyptus spike","NISP","pollen","NA","Laboratory analyses","LABO","NA","NA"
"Eucalyptus suspension","grains/ml","concentration","NA","Laboratory analyses","LABO","Eucalyptus suspension|concentration|grains/ml","NA"
"Eucalyptus suspension","ml","quantity added","NA","Laboratory analyses","LABO","Eucalyptus suspension|quantity added|ml","NA"
"Eucalyptus tablets","number","quantity added","NA","Laboratory analyses","LABO","NA","NA"
"Eucalyptus tablets","g","quantity added","NA","Laboratory analyses","LABO","Eucalyptus tablets|quantity added|g","NA"
"Eucalyptus tablets","grains/tablet","concentration","NA","Laboratory analyses","LABO","Eucalyptus tablets|concentration|grains/tablet","NA"
"Eucalyptus tablets","grains/g","concentration","NA","Laboratory analyses","LABO","Eucalyptus tablets|concentration|grains/g","NA"
"Lycopodium spike","number","counted","NA","Laboratory analyses","LABO","NA","NA"
"Lycopodium suspension","grains/g","concentration","NA","Laboratory analyses","LABO","Lycopodium suspension|concentration|grains/g","NA"
"Lycopodium suspension","ml","quantity added","NA","Laboratory analyses","LABO","Lycopodium suspension|quantity added|ml","NA"
"Lycopodium suspension","grains/ml","concentration","NA","Laboratory analyses","LABO","Lycopodium suspension|concentration|grains/ml","NA"
"Lycopodium tablets","grains/tablet","concentration","NA","Laboratory analyses","LABO","Lycopodium tablets|concentration|grains/tablet","NA"
"Lycopodium tablets","number","quantity added","NA","Laboratory analyses","LABO","Lycopodium tablets|quantity added|number","NA"
"Microsphere suspension","ml","quantity added","NA","Laboratory analyses","LABO","Microsphere suspension|quantity added|ml","NA"
"Microsphere suspension","number/ml","concentration","NA","Laboratory analyses","LABO","Microsphere suspension|concentration|number/ml","NA"
"Microspheres","number","counted","NA","Laboratory analyses","LABO","Microspheres","NA"
"Microspheres","NISP","counted","NA","Laboratory analyses","LABO","Microspheres","NA"
"Microspheres","grains/ml","counted","NA","Laboratory analyses","LABO","NA","NA"
"Pollen concentration","grains/ml","microsphere method","NA","Laboratory analyses","LABO","NA","NA"
"Pollen concentration","grains/ml","NA","NA","Laboratory analyses","LABO","NA","NA"
"Pollen concentration","grains/ml","Eucalyptus method","NA","Laboratory analyses","LABO","Pollen concentration|Eucalyptus method|grains/ml","NA"
"Sample quantity","ml","volume examined","NA","Laboratory analyses","LABO","NA","NA"
"Sample quantity","ml","volume","NA","Laboratory analyses","LABO","Sample quantity","NA"
"Sample quantity","g","dry mass examined","NA","Laboratory analyses","LABO","Sample quantity|dry mass examined|g","NA"
"Sample quantity","number","counted","NA","Laboratory analyses","LABO","NA","NA"
"Spike","NISP","counted","NA","Laboratory analyses","LABO","NA","NA"
"Spike","NISP","pollen","NA","Laboratory analyses","LABO","NA","NA"
"Spike","number","counted","NA","Laboratory analyses","LABO","NA","NA"
"Spike","ml","volume","NA","Laboratory analyses","LABO","NA","NA"
"Spike suspension","number/ml","concentration","NA","Laboratory analyses","LABO","NA","NA"
"Spike suspension","grains/ml","concentration","NA","Laboratory analyses","LABO","NA","NA"
"Unknown/Rare","NISP","pollen/spore","NA","Plants undiff.","PLNT","NA","NA"
"Angiospermae undiff.","NISP","pollen","NA","Vascular plants","SEED","NA","NA"
"cf. Hippuris","NISP","pollen","NA","Vascular plants","SEED","NA","NA"
"cf. Stratiotes","NISP","pollen","NA","Vascular plants","SEED","NA","NA"
"cf. Verruinaperturites depressus","NISP","palynomorph","anachronic","Vascular plants","SEED","NA","NA"
"cf. Verrumonocolpites conspicuus","NISP","pollen","anachronic","Vascular plants","SEED","NA","NA"
"Eudicotyledoneae (tricolporate, small)","NISP","pollen","NA","Vascular plants","SEED","NA","NA"
"Populus-type","NISP","pollen","NA","Vascular plants","SEED","NA","NA"
"Punctatriletes parvimundus","NISP","spore","anachronic","Vascular plants","SEED","NA","NA"
"Verrumonoporites verrucatus","NISP","pollen","anachronic","Vascular plants","SEED","NA","NA"
"Cactaceae","NISP","pollen","NA","Vascular plants","SUCC","NA","NA"
"Abies","NISP","pollen","NA","Vascular plants","TRSH","NA","Other conifer"
"Abies","NISP","stomate","NA","Vascular plants","TRSH","Abies|stomate|NISP","NA"
"Abies","NISP digitized","pollen","NA","Vascular plants","TRSH","NA","Other conifer"
"Abies balsamea","NISP","pollen","NA","Vascular plants","TRSH","NA","Other conifer"
"Acer","NISP","pollen","NA","Vascular plants","TRSH","NA","Maple"
"Acer","NISP digitized","pollen","NA","Vascular plants","TRSH","NA","Maple"
"Acer (reticulate)","NISP","pollen","NA","Vascular plants","TRSH","NA","Maple"
"Acer (rugulate)","NISP","pollen","NA","Vascular plants","TRSH","NA","Maple"
"Acer (striate)","NISP","pollen","NA","Vascular plants","TRSH","NA","Maple"
"Acer cf. A. negundo","NISP","pollen","NA","Vascular plants","TRSH","NA","Maple"
"Acer cf. A. spicatum","NISP","pollen","NA","Vascular plants","TRSH","NA","Maple"
"Acer negundo","NISP","pollen","NA","Vascular plants","TRSH","NA","Maple"
"Acer negundo-type","NISP","pollen","NA","Vascular plants","TRSH","NA","Maple"
"Acer nigrum","NISP","pollen","NA","Vascular plants","TRSH","NA","Maple"
"Acer pensylvanicum","NISP","pollen","NA","Vascular plants","TRSH","Acer pensylvanicum","Maple"
"Acer rubrum","NISP","pollen","NA","Vascular plants","TRSH","Acer rubrum","Maple"
"Acer saccharinum","NISP","pollen","NA","Vascular plants","TRSH","Acer saccharinum","Maple"
"Acer saccharinum-type","NISP","pollen","NA","Vascular plants","TRSH","NA","Maple"
"Acer saccharum","NISP","pollen","NA","Vascular plants","TRSH","NA","Maple"
"Acer saccharum-type","NISP","pollen","NA","Vascular plants","TRSH","NA","Maple"
"Acer spicatum","NISP","pollen","NA","Vascular plants","TRSH","NA","Maple"
"Acer undiff.","NISP","pollen","NA","Vascular plants","TRSH","NA","Maple"
"Alnus","NISP","pollen","NA","Vascular plants","TRSH","NA","Other hardwood"
"Alnus","NISP digitized","pollen","NA","Vascular plants","TRSH","NA","Other hardwood"
"Alnus (pentaporate)","NISP","pollen","NA","Vascular plants","TRSH","NA","Other hardwood"
"Alnus (tetraporate)","NISP","pollen","NA","Vascular plants","TRSH","NA","Other hardwood"
"Alnus (triporate)","NISP","pollen","NA","Vascular plants","TRSH","NA","Other hardwood"
"Alnus cf. A. incana","NISP","pollen","NA","Vascular plants","TRSH","NA","Other hardwood"
"Alnus cf. A. viridis","NISP","pollen","NA","Vascular plants","TRSH","NA","Other hardwood"
"Alnus cf. A. viridis subsp. crispa","NISP","pollen","NA","Vascular plants","TRSH","NA","Other hardwood"
"Alnus incana","NISP","pollen","NA","Vascular plants","TRSH","NA","Other hardwood"
"Alnus incana-type","NISP","pollen","NA","Vascular plants","TRSH","NA","Other hardwood"
"Alnus undiff.","NISP","pollen","NA","Vascular plants","TRSH","NA","Other hardwood"
"Alnus viridis","NISP","pollen","NA","Vascular plants","TRSH","NA","Other hardwood"
"Alnus viridis subsp. crispa","NISP","pollen","NA","Vascular plants","TRSH","Alnus viridis subsp. crispa","Other hardwood"
"Alnus viridis subsp. crispa-type","NISP","pollen","NA","Vascular plants","TRSH","Alnus viridis subsp. crispa-type","Other hardwood"
"Alnus viridis-type","NISP","pollen","NA","Vascular plants","TRSH","NA","Other hardwood"
"Amelanchier-type","NISP","pollen","NA","Vascular plants","TRSH","NA","NA"
"Amorpha fruticosa","NISP","pollen","NA","Vascular plants","TRSH","NA","NA"
"Anacardiaceae","NISP","pollen","NA","Vascular plants","TRSH","NA","NA"
"Aquifoliaceae","NISP","pollen","NA","Vascular plants","TRSH","NA","NA"
"Arceuthobium","NISP","pollen","NA","Vascular plants","TRSH","NA","NA"
"Betula","NISP","pollen","NA","Vascular plants","TRSH","NA","Birch"
"Betula","NISP digitized","pollen","NA","Vascular plants","TRSH","NA","Birch"
"Betula/Ostrya","NISP","pollen","NA","Vascular plants","TRSH","NA","Birch"
"Betulaceae undiff.","NISP","pollen","NA","Vascular plants","TRSH","NA","Birch"
"Buxus","NISP","pollen","NA","Vascular plants","TRSH","NA","NA"
"Cannabaceae","NISP","pollen","NA","Vascular plants","TRSH","NA","NA"
"Caprifoliaceae","NISP","pollen","NA","Vascular plants","TRSH","NA","NA"
"Caprifoliaceae sensu lato","NISP","pollen","NA","Vascular plants","TRSH","Caprifoliaceae sensu lato","NA"
"Caprifoliaceae sensu lato undiff.","NISP","pollen","NA","Vascular plants","TRSH","NA","NA"
"Carpinus","NISP","pollen","NA","Vascular plants","TRSH","NA","NA"
"Carya","NISP","pollen","NA","Vascular plants","TRSH","NA","Other hardwood"
"Carya","NISP digitized","pollen","NA","Vascular plants","TRSH","NA","Other hardwood"
"Castanea","NISP","pollen","NA","Vascular plants","TRSH","NA","Other hardwood"
"Castanea dentata","NISP","pollen","NA","Vascular plants","TRSH","NA","Other hardwood"
"Ceanothus","NISP","pollen","NA","Vascular plants","TRSH","Ceanothus","NA"
"Celastrus","NISP","pollen","NA","Vascular plants","TRSH","Celastrus","NA"
"Celastrus scandens","NISP","pollen","NA","Vascular plants","TRSH","NA","NA"
"Celtis","NISP","pollen","NA","Vascular plants","TRSH","NA","Other hardwood"
"Celtis occidentalis","NISP","pollen","NA","Vascular plants","TRSH","NA","Other hardwood"
"Celtis/Maclura-type","NISP","pollen","NA","Vascular plants","TRSH","NA","Other hardwood"
"Cephalanthus","NISP","pollen","NA","Vascular plants","TRSH","Cephalanthus","NA"
"cf. Arceuthobium","NISP","pollen","NA","Vascular plants","TRSH","cf. Arceuthobium","NA"
"cf. Castanea","NISP","pollen","NA","Vascular plants","TRSH","NA","Other hardwood"
"cf. Ceanothus","NISP","pollen","NA","Vascular plants","TRSH","NA","NA"
"cf. Cephalanthus","NISP","pollen","NA","Vascular plants","TRSH","NA","NA"
"cf. Cupressaceae","NISP","pollen","NA","Vascular plants","TRSH","NA","Other conifer"
"cf. Fraxinus","NISP","pollen","NA","Vascular plants","TRSH","NA","Ash"
"cf. Ilex","NISP","pollen","NA","Vascular plants","TRSH","NA","NA"
"cf. Morus","NISP","pollen","NA","Vascular plants","TRSH","NA","Other hardwood"
"cf. Platanus","NISP","pollen","NA","Vascular plants","TRSH","NA","Other hardwood"
"cf. Prunus serotina","NISP","pollen","NA","Vascular plants","TRSH","NA","Other hardwood"
"cf. Rhamnus","NISP","pollen","NA","Vascular plants","TRSH","NA","Other hardwood"
"cf. Rhamnus alnifolia","NISP","pollen","NA","Vascular plants","TRSH","NA","Other hardwood"
"cf. Rhus","NISP","pollen","NA","Vascular plants","TRSH","NA","Other hardwood"
"cf. Robinia","NISP","pollen","NA","Vascular plants","TRSH","NA","Other hardwood"
"cf. Sambucus","NISP","pollen","NA","Vascular plants","TRSH","cf. Sambucus","Other hardwood"
"cf. Shepherdia","NISP","pollen","NA","Vascular plants","TRSH","NA","NA"
"cf. Taxus","NISP","pollen","NA","Vascular plants","TRSH","NA","Other conifer"
"cf. Taxus canadensis","NISP","pollen","NA","Vascular plants","TRSH","NA","Other conifer"
"cf. Viburnum lentago","NISP","pollen","NA","Vascular plants","TRSH","NA","NA"
"Chamaedaphne calyculata","NISP","pollen","NA","Vascular plants","TRSH","Chamaedaphne calyculata","NA"
"Clethra","NISP","pollen","NA","Vascular plants","TRSH","Clethra","NA"
"Clusiaceae","NISP","pollen","NA","Vascular plants","TRSH","NA","NA"
"Comptonia","NISP","pollen","NA","Vascular plants","TRSH","NA","NA"
"Comptonia peregrina","NISP","pollen","NA","Vascular plants","TRSH","NA","NA"
"Coniferae undiff.","NISP","stomate","NA","Vascular plants","TRSH","Coniferae undiff.","NA"
"Coniferae undiff.","NISP","pollen","NA","Vascular plants","TRSH","NA","NA"
"Cornus","NISP","pollen","NA","Vascular plants","TRSH","NA","NA"
"Cornus alternifolia","NISP","pollen","NA","Vascular plants","TRSH","NA","NA"
"Cornus canadensis","NISP","pollen","NA","Vascular plants","TRSH","NA","NA"
"Cornus canadensis-type","NISP","pollen","NA","Vascular plants","TRSH","NA","NA"
"Cornus cf. C. rugosa","NISP","pollen","NA","Vascular plants","TRSH","NA","NA"
"Cornus racemosa","NISP","pollen","NA","Vascular plants","TRSH","NA","NA"
"Cornus rugosa","NISP","pollen","NA","Vascular plants","TRSH","NA","NA"
"Cornus sericea","NISP","pollen","NA","Vascular plants","TRSH","NA","NA"
"Cornus sericea-type","NISP","pollen","NA","Vascular plants","TRSH","Cornus sericea-type","NA"
"Cornus undiff.","NISP","pollen","NA","Vascular plants","TRSH","Cornus undiff.","NA"
"Corylus","NISP","pollen","NA","Vascular plants","TRSH","NA","Other hardwood"
"Corylus","NISP digitized","pollen","NA","Vascular plants","TRSH","NA","Other hardwood"
"Corylus americana","NISP","pollen","NA","Vascular plants","TRSH","NA","Other hardwood"
"Corylus cornuta","NISP","pollen","NA","Vascular plants","TRSH","NA","Other hardwood"
"Corylus undiff.","NISP","pollen","NA","Vascular plants","TRSH","NA","Other hardwood"
"Crataegus","NISP","pollen","NA","Vascular plants","TRSH","Crataegus","NA"
"Crataegus-type","NISP","pollen","NA","Vascular plants","TRSH","NA","NA"
"Cupressaceae","NISP","pollen","NA","Vascular plants","TRSH","NA","Other conifer"
"Cupressaceae undiff.","NISP","pollen","NA","Vascular plants","TRSH","Cupressaceae undiff.","Other conifer"
"Cupressaceae/Taxaceae","NISP","pollen","NA","Vascular plants","TRSH","NA","Other conifer"
"Cupressaceae/Taxaceae undiff.","NISP","pollen","NA","Vascular plants","TRSH","Cupressaceae/Taxaceae undiff.","Other conifer"
"Diervilla","NISP","pollen","NA","Vascular plants","TRSH","NA","NA"
"Diervilla lonicera","NISP","pollen","NA","Vascular plants","TRSH","NA","NA"
"Elaeagnaceae","NISP","pollen","NA","Vascular plants","TRSH","NA","NA"
"Elaeagnaceae","NISP digitized","pollen","NA","Vascular plants","TRSH","NA","NA"
"Elaeagnus","NISP","pollen","NA","Vascular plants","TRSH","Elaeagnus","NA"
"Elaeagnus commutata","NISP","pollen","NA","Vascular plants","TRSH","NA","NA"
"Empetrum","NISP","pollen","NA","Vascular plants","TRSH","Empetrum","NA"
"Ephedra","NISP","pollen","NA","Vascular plants","TRSH","NA","NA"
"Ephedra nevadensis-type","NISP","pollen","NA","Vascular plants","TRSH","NA","NA"
"Ephedra torreyana-type","NISP","pollen","NA","Vascular plants","TRSH","NA","NA"
"Ephedra trifurca-type","NISP","pollen","NA","Vascular plants","TRSH","NA","NA"
"Ephedra undiff.","NISP","pollen","NA","Vascular plants","TRSH","NA","NA"
"Ephedra viridis-type","NISP","pollen","NA","Vascular plants","TRSH","NA","NA"
"Ericaceae","NISP","pollen","NA","Vascular plants","TRSH","NA","NA"
"Ericaceae undiff.","NISP","pollen","NA","Vascular plants","TRSH","Ericaceae undiff.","NA"
"Ericaceae-type","NISP","pollen","NA","Vascular plants","TRSH","NA","NA"
"Ericales","NISP","pollen","NA","Vascular plants","TRSH","Ericales","NA"
"Ericales undiff.","NISP","pollen","NA","Vascular plants","TRSH","NA","NA"
"Eucalyptus","NISP","pollen","NA","Vascular plants","TRSH","Eucalyptus","NA"
"Fagus","NISP","pollen","NA","Vascular plants","TRSH","NA","Beech"
"Fagus grandifolia","NISP","pollen","NA","Vascular plants","TRSH","NA","Beech"
"Fraxinus","NISP","pollen","NA","Vascular plants","TRSH","NA","Ash"
"Fraxinus","NISP digitized","pollen","NA","Vascular plants","TRSH","NA","Ash"
"Fraxinus (tetracolpate)","NISP","pollen","NA","Vascular plants","TRSH","NA","Ash"
"Fraxinus (tricolpate)","NISP","pollen","NA","Vascular plants","TRSH","NA","Ash"
"Fraxinus americana","NISP","pollen","NA","Vascular plants","TRSH","NA","Ash"
"Fraxinus americana-type","NISP","pollen","NA","Vascular plants","TRSH","NA","Ash"
"Fraxinus nigra","NISP","pollen","NA","Vascular plants","TRSH","NA","Ash"
"Fraxinus nigra-type","NISP","pollen","NA","Vascular plants","TRSH","NA","Ash"
"Fraxinus pennsylvanica","NISP","pollen","NA","Vascular plants","TRSH","NA","Ash"
"Fraxinus pennsylvanica-type","NISP","pollen","NA","Vascular plants","TRSH","NA","Ash"
"Fraxinus pennsylvanica/F. americana-type","NISP","pollen","NA","Vascular plants","TRSH","Fraxinus pennsylvanica/F. americana-type","Ash"
"Fraxinus quadrangulata/F. nigra-type","NISP","pollen","NA","Vascular plants","TRSH","NA","Ash"
"Fraxinus undiff.","NISP","pollen","NA","Vascular plants","TRSH","NA","Ash"
"Fraxinus-type","NISP","pollen","NA","Vascular plants","TRSH","NA","Ash"
"Gaultheria procumbens","NISP","pollen","NA","Vascular plants","TRSH","NA","NA"
"Gleditsia","NISP","pollen","NA","Vascular plants","TRSH","NA","NA"
"Granabivesiculites inchoatus","NISP","pollen","anachronic","Vascular plants","TRSH","Granabivesiculites inchoatus","NA"
"Hedyotis","NISP","pollen","NA","Vascular plants","TRSH","Hedyotis","NA"
"Hudsonia","NISP","pollen","NA","Vascular plants","TRSH","NA","NA"
"Ilex","NISP","pollen","NA","Vascular plants","TRSH","Ilex","NA"
"Ilex-type","NISP","pollen","NA","Vascular plants","TRSH","NA","NA"
"Ilex/Nemopanthus","NISP","pollen","NA","Vascular plants","TRSH","Ilex/Nemopanthus","NA"
"Ilex/Nemopanthus undiff.","NISP","pollen","NA","Vascular plants","TRSH","NA","NA"
"Juglans","NISP","pollen","NA","Vascular plants","TRSH","NA","Other hardwood"
"Juglans","NISP digitized","pollen","NA","Vascular plants","TRSH","NA","Other hardwood"
"Juglans cf. J. cinerea","NISP","pollen","NA","Vascular plants","TRSH","NA","Other hardwood"
"Juglans cf. J. nigra","NISP","pollen","NA","Vascular plants","TRSH","NA","Other hardwood"
"Juglans cinerea","NISP","pollen","NA","Vascular plants","TRSH","NA","Other hardwood"
"Juglans cinerea-type","NISP","pollen","NA","Vascular plants","TRSH","NA","Other hardwood"
"Juglans nigra","NISP","pollen","NA","Vascular plants","TRSH","NA","Other hardwood"
"Juglans nigra-type","NISP","pollen","NA","Vascular plants","TRSH","Juglans nigra-type","Other hardwood"
"Juglans undiff.","NISP","pollen","NA","Vascular plants","TRSH","NA","Other hardwood"
"Juniperus","NISP","pollen","NA","Vascular plants","TRSH","NA","Other conifer"
"Juniperus-type","NISP","pollen","NA","Vascular plants","TRSH","Juniperus-type","Other conifer"
"Juniperus/Thuja","NISP","pollen","NA","Vascular plants","TRSH","NA","Other conifer"
"Larix","NISP","pollen","NA","Vascular plants","TRSH","NA","Tamarack"
"Larix","NISP","stomate","NA","Vascular plants","TRSH","Larix|stomate|NISP","NA"
"Larix","NISP digitized","pollen","NA","Vascular plants","TRSH","NA","Tamarack"
"Larix laricina","NISP","pollen","NA","Vascular plants","TRSH","NA","Tamarack"
"Larix/Pseudotsuga","NISP","pollen","NA","Vascular plants","TRSH","Larix/Pseudotsuga","Tamarack"
"Liquidambar","NISP","pollen","NA","Vascular plants","TRSH","Liquidambar","NA"
"Lonicera","NISP","pollen","NA","Vascular plants","TRSH","NA","NA"
"Lonicera canadensis","NISP","pollen","NA","Vascular plants","TRSH","NA","NA"
"Lonicera hirsuta","NISP","pollen","NA","Vascular plants","TRSH","NA","NA"
"Lonicera-type","NISP","pollen","NA","Vascular plants","TRSH","Lonicera-type","NA"
"Maclura","NISP","pollen","NA","Vascular plants","TRSH","NA","NA"
"Maclura pomifera","NISP","pollen","NA","Vascular plants","TRSH","NA","NA"
"Maclura pomifera-type","NISP","pollen","NA","Vascular plants","TRSH","Maclura pomifera-type","NA"
"Maclura-type","NISP","pollen","NA","Vascular plants","TRSH","Maclura-type","NA"
"Magnolia","NISP","pollen","NA","Vascular plants","TRSH","Magnolia","Other hardwood"
"Moraceae","NISP","pollen","NA","Vascular plants","TRSH","NA","Other hardwood"
"Moraceae undiff.","NISP","pollen","NA","Vascular plants","TRSH","NA","Other hardwood"
"Morus","NISP","pollen","NA","Vascular plants","TRSH","NA","Other hardwood"
"Morus rubra","NISP","pollen","NA","Vascular plants","TRSH","NA","Other hardwood"
"Myrica","NISP","pollen","NA","Vascular plants","TRSH","NA","NA"
"Myrica gale","NISP","pollen","NA","Vascular plants","TRSH","NA","NA"
"Myrica-type","NISP","pollen","NA","Vascular plants","TRSH","NA","NA"
"Myrica/Comptonia","NISP","pollen","NA","Vascular plants","TRSH","NA","NA"
"Myrica/Comptonia peregrina","NISP","pollen","NA","Vascular plants","TRSH","NA","NA"
"Myricaceae","NISP","pollen","NA","Vascular plants","TRSH","Myricaceae","NA"
"Myricaceae undiff.","NISP","pollen","NA","Vascular plants","TRSH","NA","NA"
"Nemopanthus","NISP","pollen","NA","Vascular plants","TRSH","NA","NA"
"Nyssa","NISP","pollen","NA","Vascular plants","TRSH","NA","Other hardwood"
"Nyssa sylvatica","NISP","pollen","NA","Vascular plants","TRSH","Nyssa sylvatica","Other hardwood"
"Ostrya","NISP","pollen","NA","Vascular plants","TRSH","NA","Other hardwood"
"Ostrya-type","NISP","pollen","NA","Vascular plants","TRSH","NA","Other hardwood"
"Ostrya/Carpinus","NISP","pollen","NA","Vascular plants","TRSH","NA","Other hardwood"
"Ostrya/Carpinus","NISP digitized","pollen","NA","Vascular plants","TRSH","NA","Other hardwood"
"Parthenocissus","NISP","pollen","NA","Vascular plants","TRSH","Parthenocissus","NA"
"Picea","NISP","pollen","NA","Vascular plants","TRSH","NA","Spruce"
"Picea","NISP digitized","pollen","NA","Vascular plants","TRSH","NA","Spruce"
"Picea glauca","NISP","pollen","NA","Vascular plants","TRSH","Picea glauca","Spruce"
"Picea glauca-type","NISP","stomate","NA","Vascular plants","TRSH","Picea glauca-type","Spruce"
"Picea indet.","NISP","pollen","NA","Vascular plants","TRSH","Picea indet.","Spruce"
"Picea mariana","NISP","pollen","NA","Vascular plants","TRSH","Picea mariana|pollen|NISP","Spruce"
"Picea mariana","NISP","stomate","NA","Vascular plants","TRSH","Picea mariana|stomate|NISP","Spruce"
"Picea undiff.","NISP","pollen","NA","Vascular plants","TRSH","Picea undiff.|pollen|NISP","Spruce"
"Picea undiff.","NISP","stomate","NA","Vascular plants","TRSH","Picea undiff.|stomate|NISP","Spruce"
"Picea/Pinus undiff.","NISP","pollen","NA","Vascular plants","TRSH","NA","NA"
"Pinaceae (vesiculate) undiff.","NISP","pollen","NA","Vascular plants","TRSH","Pinaceae (vesiculate) undiff.","NA"
"Pinaceae undiff.","NISP","pollen","NA","Vascular plants","TRSH","Pinaceae undiff.","NA"
"Pinus","NISP","pollen","NA","Vascular plants","TRSH","NA","Pine"
"Pinus","NISP","stomate","NA","Vascular plants","TRSH","Pinus","Pine"
"Pinus","NISP digitized","pollen","NA","Vascular plants","TRSH","NA","Pine"
"Pinus banksiana","NISP","pollen","NA","Vascular plants","TRSH","NA","Pine"
"Pinus banksiana/P. resinosa","NISP","pollen","NA","Vascular plants","TRSH","NA","Pine"
"Pinus banksiana/P. resinosa-type","NISP","pollen","NA","Vascular plants","TRSH","Pinus banksiana/P. resinosa-type","Pine"
"Pinus det. P. banksiana/P. resinosa","NISP","pollen","NA","Vascular plants","TRSH","NA","Pine"
"Pinus det. P. strobus","NISP","pollen","NA","Vascular plants","TRSH","NA","Pine"
"Pinus resinosa","NISP","pollen","NA","Vascular plants","TRSH","NA","Pine"
"Pinus strobus","NISP","pollen","NA","Vascular plants","TRSH","NA","Pine"
"Pinus strobus-type","NISP","pollen","NA","Vascular plants","TRSH","NA","Pine"
"Pinus subg. Pinus","NISP","pollen","NA","Vascular plants","TRSH","Pinus subg. Pinus","Pine"
"Pinus subg. Pinus undiff.","NISP","pollen","NA","Vascular plants","TRSH","NA","Pine"
"Pinus subg. Pinus-type","NISP","pollen","NA","Vascular plants","TRSH","NA","Pine"
"Pinus subg. Strobus","NISP","pollen","NA","Vascular plants","TRSH","Pinus subg. Strobus","Pine"
"Pinus subg. Strobus-type","NISP","pollen","NA","Vascular plants","TRSH","NA","Pine"
"Pinus undiff.","NISP","pollen","NA","Vascular plants","TRSH","Pinus undiff.","Pine"
"Pinus/Picea","NISP","pollen","NA","Vascular plants","TRSH","NA","NA"
"Planera aquatica","NISP","pollen","NA","Vascular plants","TRSH","NA","NA"
"Platanus","NISP","pollen","NA","Vascular plants","TRSH","NA","Other hardwood"
"Platanus occidentalis","NISP","pollen","NA","Vascular plants","TRSH","NA","Other hardwood"
"Populus","NISP","pollen","NA","Vascular plants","TRSH","NA","Other hardwood"
"Populus","NISP digitized","pollen","NA","Vascular plants","TRSH","NA","Other hardwood"
"Populus balsamifera","NISP","pollen","NA","Vascular plants","TRSH","NA","Other hardwood"
"Populus balsamifera-type","NISP","pollen","NA","Vascular plants","TRSH","Populus balsamifera-type","Other hardwood"
"Populus grandidentata-type","NISP","pollen","NA","Vascular plants","TRSH","NA","Other hardwood"
"Populus tremuloides","NISP","pollen","NA","Vascular plants","TRSH","NA","Other hardwood"
"Populus tremuloides-type","NISP","pollen","NA","Vascular plants","TRSH","NA","Other hardwood"
"Populus undiff.","NISP","pollen","NA","Vascular plants","TRSH","Populus undiff.","Other hardwood"
"Prosopis","NISP","pollen","NA","Vascular plants","TRSH","NA","NA"
"Prosopis cf. P. pubescens","NISP","pollen","NA","Vascular plants","TRSH","Prosopis cf. P. pubescens","NA"
"Prunus","NISP","pollen","NA","Vascular plants","TRSH","Prunus","Other hardwood"
"Prunus americana","NISP","pollen","NA","Vascular plants","TRSH","NA","Other hardwood"
"Prunus americana-type","NISP","pollen","NA","Vascular plants","TRSH","NA","Other hardwood"
"Prunus-type","NISP","pollen","NA","Vascular plants","TRSH","NA","Other hardwood"
"Pterocarya","NISP","pollen","anachronic","Vascular plants","TRSH","NA","NA"
"Pyrus-type","NISP","pollen","NA","Vascular plants","TRSH","NA","NA"
"Quercus","NISP","pollen","NA","Vascular plants","TRSH","NA","Oak"
"Quercus","NISP digitized","pollen","NA","Vascular plants","TRSH","NA","Oak"
"Rhamnaceae","NISP","pollen","NA","Vascular plants","TRSH","NA","Other hardwood"
"Rhamnaceae undiff.","NISP","pollen","NA","Vascular plants","TRSH","NA","Other hardwood"
"Rhamnaceae/Vitaceae","NISP","pollen","NA","Vascular plants","TRSH","NA","Other hardwood"
"Rhamnaceae/Vitaceae undiff.","NISP","pollen","NA","Vascular plants","TRSH","NA","Other hardwood"
"Rhamnus","NISP","pollen","NA","Vascular plants","TRSH","Rhamnus","Other hardwood"
"Rhamnus alnifolia","NISP","pollen","NA","Vascular plants","TRSH","NA","Other hardwood"
"Rhododendron subsect. Ledum/Chamaedaphne calyculata","NISP","pollen","NA","Vascular plants","TRSH","NA","NA"
"Rhus","NISP","pollen","NA","Vascular plants","TRSH","Rhus","Other hardwood"
"Rhus glabra","NISP","pollen","NA","Vascular plants","TRSH","NA","Other hardwood"
"Rhus glabra-type","NISP","pollen","NA","Vascular plants","TRSH","NA","Other hardwood"
"Rhus sp.","NISP","pollen","NA","Vascular plants","TRSH","NA","Other hardwood"
"Rhus undiff.","NISP","pollen","NA","Vascular plants","TRSH","NA","Other hardwood"
"Rhus/Toxicodendron cf. T. radicans","NISP","pollen","NA","Vascular plants","TRSH","Rhus/Toxicodendron cf. T. radicans","Other hardwood"
"Rhus/Toxicodendron cf. T. vernix","NISP","pollen","NA","Vascular plants","TRSH","NA","Other hardwood"
"Ribes","NISP","pollen","NA","Vascular plants","TRSH","NA","NA"
"Robinia","NISP","pollen","NA","Vascular plants","TRSH","NA","NA"
"Rosaceae cf. Rubus pubescens","NISP","pollen","NA","Vascular plants","TRSH","Rosaceae cf. Rubus pubescens","NA"
"Rosaceae trees","NISP","pollen","NA","Vascular plants","TRSH","NA","NA"
"Rubiaceae","NISP","pollen","NA","Vascular plants","TRSH","NA","NA"
"Rubus","NISP","pollen","NA","Vascular plants","TRSH","Rubus","NA"
"Rubus chamaemorus","NISP","pollen","NA","Vascular plants","TRSH","NA","NA"
"Rugubivesiculites","NISP","pollen","anachronic","Vascular plants","TRSH","NA","NA"
"Salix","NISP","pollen","NA","Vascular plants","TRSH","NA","Other hardwood"
"Salix","NISP digitized","pollen","NA","Vascular plants","TRSH","NA","Other hardwood"
"Salix nigra","NISP","pollen","NA","Vascular plants","TRSH","NA","Other hardwood"
"Salix undiff.","NISP","pollen","NA","Vascular plants","TRSH","NA","Other hardwood"
"Sambucus","NISP","pollen","NA","Vascular plants","TRSH","Sambucus","NA"
"Sambucus racemosa","NISP","pollen","NA","Vascular plants","TRSH","NA","NA"
"Sarcobatus vermiculatus","NISP","pollen","NA","Vascular plants","TRSH","NA","NA"
"Shepherdia","NISP","pollen","NA","Vascular plants","TRSH","NA","NA"
"Shepherdia argentea","NISP","pollen","NA","Vascular plants","TRSH","Shepherdia argentea","NA"
"Shepherdia canadensis","NISP","pollen","NA","Vascular plants","TRSH","NA","NA"
"Shepherdia canadensis","NISP digitized","pollen","NA","Vascular plants","TRSH","NA","NA"
"Spermatophyta undiff. (shrubs)","NISP","pollen","NA","Vascular plants","TRSH","NA","NA"
"Spermatophyta undiff. (trees)","NISP","pollen","NA","Vascular plants","TRSH","NA","NA"
"Spermatophyta undiff. (trees/shrubs)","NISP","pollen","NA","Vascular plants","TRSH","NA","NA"
"Spiraea","NISP","pollen","NA","Vascular plants","TRSH","Spiraea","NA"
"Spiraea-type","NISP","pollen","NA","Vascular plants","TRSH","NA","NA"
"Symphoricarpos","NISP","pollen","NA","Vascular plants","TRSH","Symphoricarpos","NA"
"Symphoricarpos occidentalis","NISP","pollen","NA","Vascular plants","TRSH","NA","NA"
"Taxus","NISP","pollen","NA","Vascular plants","TRSH","NA","Other conifer"
"Taxus canadensis","NISP","pollen","NA","Vascular plants","TRSH","NA","Other conifer"
"Thuja","NISP","pollen","NA","Vascular plants","TRSH","NA","Other conifer"
"Thuja plicata-type","NISP","pollen","NA","Vascular plants","TRSH","NA","Other conifer"
"Thuja-type","NISP","pollen","NA","Vascular plants","TRSH","NA","Other conifer"
"Tilia","NISP","pollen","NA","Vascular plants","TRSH","NA","Other hardwood"
"Tilia","NISP digitized","pollen","NA","Vascular plants","TRSH","NA","Other hardwood"
"Tilia americana","NISP","pollen","NA","Vascular plants","TRSH","NA","Other hardwood"
"Toxicodendron radicans","NISP","pollen","NA","Vascular plants","TRSH","NA","Other conifer"
"Toxicodendron radicans-type","NISP","pollen","NA","Vascular plants","TRSH","NA","Other conifer"
"Toxicodendron vernix","NISP","pollen","NA","Vascular plants","TRSH","Toxicodendron vernix","Other conifer"
"Tsuga","NISP","pollen","NA","Vascular plants","TRSH","NA","Hemlock"
"Tsuga canadensis","NISP","pollen","NA","Vascular plants","TRSH","NA","Hemlock"
"Ulmus","NISP","pollen","NA","Vascular plants","TRSH","NA","Elm"
"Ulmus","NISP digitized","pollen","NA","Vascular plants","TRSH","NA","Elm"
"Ulmus americana","NISP","pollen","NA","Vascular plants","TRSH","NA","Elm"
"Vaccinium","NISP","pollen","NA","Vascular plants","TRSH","NA","NA"
"Viburnum","NISP","pollen","NA","Vascular plants","TRSH","NA","NA"
"Viburnum cf. V. opulus","NISP","pollen","NA","Vascular plants","TRSH","Viburnum cf. V. opulus","NA"
"Viburnum lentago","NISP","pollen","NA","Vascular plants","TRSH","NA","NA"
"Viburnum opulus","NISP","pollen","NA","Vascular plants","TRSH","NA","NA"
"Viburnum opulus-type","NISP","pollen","NA","Vascular plants","TRSH","Viburnum opulus-type","NA"
"Viburnum rafinesquianum-type","NISP","pollen","NA","Vascular plants","TRSH","Viburnum rafinesquianum-type","NA"
"Viburnum undiff.","NISP","pollen","NA","Vascular plants","TRSH","NA","NA"
"Viscaceae sensu stricto","NISP","pollen","NA","Vascular plants","TRSH","NA","NA"
"Vitaceae","NISP","pollen","NA","Vascular plants","TRSH","NA","NA"
"Vitis","NISP","pollen","NA","Vascular plants","TRSH","NA","NA"
"Vitis cf. V. aestivalis","NISP","pollen","NA","Vascular plants","TRSH","NA","NA"
"Vitis riparia","NISP","pollen","NA","Vascular plants","TRSH","NA","NA"
"Zanthoxylum","NISP","pollen","NA","Vascular plants","TRSH","Zanthoxylum","NA"
"Zanthoxylum americanum","NISP","pollen","NA","Vascular plants","TRSH","NA","NA"
"Zanthoxylum-type","NISP","pollen","NA","Vascular plants","TRSH","Zanthoxylum-type","NA"
"Indeterminable","NISP","pollen/spore","NA","Unidentified","UNID","NA","NA"
"Indeterminable","NISP","pollen","NA","Unidentified","UNID","NA","NA"
"Indeterminable (reticulate)","NISP","pollen/spore","NA","Unidentified","UNID","Indeterminable (reticulate)","NA"
"Indeterminable (triporate)","NISP","pollen/spore","NA","Unidentified","UNID","Indeterminable (triporate)","NA"
"Indeterminable undiff.","NISP","pollen/spore","NA","Unidentified","UNID","NA","NA"
"Indeterminable undiff.","NISP","pollen","NA","Unidentified","UNID","Indeterminable undiff.","NA"
"Other plants","NISP","pollen","NA","Plants undiff.","UNID","NA","NA"
"Unknown","NISP","pollen/spore","NA","Unidentified","UNID","NA","NA"
"Unknown","NISP","pollen","NA","Unidentified","UNID","NA","NA"
"Unknown (diporate)","NISP","spore","NA","Unidentified","UNID","NA","NA"
"Unknown (inaperturate, psilate)","NISP","pollen/spore","NA","Unidentified","UNID","NA","NA"
"Unknown (monolete, psilate)","NISP","spore","NA","Unidentified","UNID","NA","NA"
"Unknown (monolete, verrucate)","NISP","spore","NA","Unidentified","UNID","NA","NA"
"Unknown (monolete)","NISP","spore","NA","Unidentified","UNID","Unknown (monolete)","NA"
"Unknown (monolete) undiff.","NISP","spore","NA","Unidentified","UNID","Unknown (monolete) undiff.","NA"
"Unknown (pre-Quaternary)","NISP","pollen/spore","anachronic","Unidentified","UNID","Unknown (pre-Quaternary)","NA"
"Unknown (pre-Quaternary)","NISP","palynomorph","NA","Unidentified","UNID","NA","NA"
"Unknown (trilete, psilate)","NISP","spore","NA","Unidentified","UNID","NA","NA"
"Unknown (trilete, scabrate)","NISP","spore","NA","Unidentified","UNID","NA","NA"
"Unknown (trilete)","NISP","spore","NA","Unidentified","UNID","Unknown (trilete)","NA"
"Unknown (trilete) undiff.","NISP","spore","NA","Unidentified","UNID","Unknown (trilete) undiff.","NA"
"Unknown undiff.","NISP","pollen/spore","anachronic","Unidentified","UNID","NA","NA"
"Unknown undiff.","NISP","spore","anachronic","Unidentified","UNID","NA","NA"
"Bryopsida","NISP","spore","NA","Bryophytes","UPBR","NA","NA"
"Acalypha cf. A. rhomboidea","NISP","pollen","NA","Vascular plants","UPHE","NA","NA"
"Achillea","NISP","pollen","NA","Vascular plants","UPHE","NA","NA"
"Achillea-type","NISP","pollen","NA","Vascular plants","UPHE","Achillea-type","NA"
"Agastache-type","NISP","pollen","NA","Vascular plants","UPHE","NA","NA"
"Allium","NISP","pollen","NA","Vascular plants","UPHE","Allium","NA"
"Allium-type","NISP","pollen","NA","Vascular plants","UPHE","Allium-type","NA"
"Alternanthera","NISP","pollen","NA","Vascular plants","UPHE","NA","NA"
"Amaranthaceae","NISP","pollen","NA","Vascular plants","UPHE","Amaranthaceae","NA"
"Amaranthaceae","NISP digitized","pollen","NA","Vascular plants","UPHE","NA","NA"
"Amaranthaceae undiff.","NISP","pollen","NA","Vascular plants","UPHE","NA","NA"
"Amaranthaceae-type","NISP","pollen","NA","Vascular plants","UPHE","Amaranthaceae-type","NA"
"Ambrosia","NISP","pollen","NA","Vascular plants","UPHE","NA","NA"
"Ambrosia-type","NISP","pollen","NA","Vascular plants","UPHE","NA","NA"
"Ambrosia/Iva","NISP","pollen","NA","Vascular plants","UPHE","NA","NA"
"Amorpha","NISP","pollen","NA","Vascular plants","UPHE","NA","NA"
"Amorpha canescens","NISP","pollen","NA","Vascular plants","UPHE","NA","NA"
"Amorpha cf. A. canescens","NISP","pollen","NA","Vascular plants","UPHE","NA","NA"
"Amorpha-type","NISP","pollen","NA","Vascular plants","UPHE","NA","NA"
"Anemone","NISP","pollen","NA","Vascular plants","UPHE","NA","NA"
"Anemone canadensis-type","NISP","pollen","NA","Vascular plants","UPHE","Anemone canadensis-type","NA"
"Anemone quinquefolia-type","NISP","pollen","NA","Vascular plants","UPHE","Anemone quinquefolia-type","NA"
"Anemone-type","NISP","pollen","NA","Vascular plants","UPHE","NA","NA"
"Angiospermae undiff. (herbs)","NISP","pollen","NA","Vascular plants","UPHE","NA","NA"
"Anthemis-type","NISP","pollen","NA","Vascular plants","UPHE","Anthemis-type","NA"
"Apiaceae","NISP","pollen","NA","Vascular plants","UPHE","NA","NA"
"Apiaceae cf. Sium suave","NISP","pollen","NA","Vascular plants","UPHE","NA","NA"
"Apiaceae undiff.","NISP","pollen","NA","Vascular plants","UPHE","NA","NA"
"Arabis","NISP","pollen","NA","Vascular plants","UPHE","NA","NA"
"Araceae cf. Calla","NISP","pollen","NA","Vascular plants","UPHE","NA","NA"
"Araceae undiff.","NISP","pollen","NA","Vascular plants","UPHE","NA","NA"
"Arceuthobium pusillum","NISP","pollen","NA","Vascular plants","UPHE","NA","NA"
"Armeria","NISP","pollen","NA","Vascular plants","UPHE","Armeria","NA"
"Artemisia","NISP","pollen","NA","Vascular plants","UPHE","NA","NA"
"Artemisia","NISP digitized","pollen","NA","Vascular plants","UPHE","NA","NA"
"Aster-type","NISP","pollen","NA","Vascular plants","UPHE","Aster-type","NA"
"Asteraceae","NISP","pollen","NA","Vascular plants","UPHE","Asteraceae","NA"
"Asteraceae (high spine)","NISP","pollen","NA","Vascular plants","UPHE","NA","NA"
"Asteraceae (lophate, echinate)","NISP","pollen","NA","Vascular plants","UPHE","NA","NA"
"Asteraceae (low spine)","NISP","pollen","NA","Vascular plants","UPHE","NA","NA"
"Asteraceae subf. Asteroideae","NISP","pollen","NA","Vascular plants","UPHE","NA","NA"
"Asteraceae subf. Asteroideae undiff.","NISP","pollen","NA","Vascular plants","UPHE","NA","NA"
"Asteraceae subf. Cichorioideae","NISP","pollen","NA","Vascular plants","UPHE","NA","NA"
"Asteraceae undiff.","NISP","pollen","NA","Vascular plants","UPHE","NA","NA"
"Asteraceae undiff.","NISP digitized","pollen","NA","Vascular plants","UPHE","NA","NA"
"Astragalus-type","NISP","pollen","NA","Vascular plants","UPHE","NA","NA"
"Avena-type","NISP","pollen","NA","Vascular plants","UPHE","Avena-type","NA"
"Avena/Triticum","NISP","pollen","NA","Vascular plants","UPHE","NA","NA"
"Balsaminaceae","NISP","pollen","NA","Vascular plants","UPHE","NA","NA"
"Bidens","NISP","pollen","NA","Vascular plants","UPHE","NA","NA"
"Bidens-type","NISP","pollen","NA","Vascular plants","UPHE","Bidens-type","NA"
"Bistorta officinalis-type","NISP","pollen","NA","Vascular plants","UPHE","NA","NA"
"Bistorta vivipara","NISP","pollen","NA","Vascular plants","UPHE","NA","NA"
"Bistorta vivipara-type","NISP","pollen","NA","Vascular plants","UPHE","Bistorta vivipara-type","NA"
"Boraginaceae","NISP","pollen","NA","Vascular plants","UPHE","NA","NA"
"Boraginaceae cf. Mertensia paniculata","NISP","pollen","NA","Vascular plants","UPHE","NA","NA"
"Boraginaceae undiff.","NISP","pollen","NA","Vascular plants","UPHE","NA","NA"
"Brassica","NISP","pollen","NA","Vascular plants","UPHE","NA","NA"
"Brassica-type","NISP","pollen","NA","Vascular plants","UPHE","NA","NA"
"Brassicaceae","NISP","pollen","NA","Vascular plants","UPHE","NA","NA"
"Brassicaceae cf. Brassica","NISP","pollen","NA","Vascular plants","UPHE","Brassicaceae cf. Brassica","NA"
"Brassicaceae undiff.","NISP","pollen","NA","Vascular plants","UPHE","Brassicaceae undiff.","NA"
"Caltha-type","NISP","pollen","NA","Vascular plants","UPHE","NA","NA"
"Campanula","NISP","pollen","NA","Vascular plants","UPHE","NA","NA"
"Campanula aparinoides-type","NISP","pollen","NA","Vascular plants","UPHE","NA","NA"
"Campanula rotundifolia-type","NISP","pollen","NA","Vascular plants","UPHE","Campanula rotundifolia-type","NA"
"Campanulaceae","NISP","pollen","NA","Vascular plants","UPHE","NA","NA"
"Cannabaceae cf. Humulus","NISP","pollen","NA","Vascular plants","UPHE","NA","NA"
"Cannabaceae sensu stricto","NISP","pollen","NA","Vascular plants","UPHE","NA","NA"
"Cannabaceae sensu stricto undiff.","NISP","pollen","NA","Vascular plants","UPHE","NA","NA"
"Cannabis sativa","NISP","pollen","NA","Vascular plants","UPHE","Cannabis sativa","NA"
"Cannabis sativa-type","NISP","pollen","NA","Vascular plants","UPHE","NA","NA"
"Cannabis-type","NISP","pollen","NA","Vascular plants","UPHE","Cannabis-type","NA"
"Caryophyllaceae","NISP","pollen","NA","Vascular plants","UPHE","NA","NA"
"Caryophyllaceae cf. Silene","NISP","pollen","NA","Vascular plants","UPHE","NA","NA"
"Caryophyllaceae undiff.","NISP","pollen","NA","Vascular plants","UPHE","NA","NA"
"Caulophyllum","NISP","pollen","NA","Vascular plants","UPHE","NA","NA"
"Caulophyllum thalictroides","NISP","pollen","NA","Vascular plants","UPHE","NA","NA"
"Centaurea","NISP","pollen","NA","Vascular plants","UPHE","NA","NA"
"Cerealia","NISP","pollen","NA","Vascular plants","UPHE","NA","NA"
"Cerealia undiff.","NISP","pollen","NA","Vascular plants","UPHE","NA","NA"
"Cerealia-type","NISP","pollen","NA","Vascular plants","UPHE","NA","NA"
"Cerealia-type undiff.","NISP","pollen","NA","Vascular plants","UPHE","Cerealia-type undiff.","NA"
"cf. Acalypha","NISP","pollen","NA","Vascular plants","UPHE","cf. Acalypha","NA"
"cf. Adoxa moschatellina","NISP","pollen","NA","Vascular plants","UPHE","NA","NA"
"cf. Amorpha","NISP","pollen","NA","Vascular plants","UPHE","NA","NA"
"cf. Arabis glabra","NISP","pollen","NA","Vascular plants","UPHE","NA","NA"
"cf. Brassica","NISP","pollen","NA","Vascular plants","UPHE","NA","NA"
"cf. Caltha","NISP","pollen","NA","Vascular plants","UPHE","NA","NA"
"cf. Eriogonum","NISP","pollen","NA","Vascular plants","UPHE","cf. Eriogonum","NA"
"cf. Euphorbia","NISP","pollen","NA","Vascular plants","UPHE","NA","NA"
"cf. Gentiana","NISP","pollen","NA","Vascular plants","UPHE","cf. Gentiana","NA"
"cf. Geranium","NISP","pollen","NA","Vascular plants","UPHE","NA","NA"
"cf. Hedysarum","NISP","pollen","NA","Vascular plants","UPHE","NA","NA"
"cf. Heuchera richardsonii","NISP","pollen","NA","Vascular plants","UPHE","NA","NA"
"cf. Hypericum","NISP","pollen","NA","Vascular plants","UPHE","NA","NA"
"cf. Impatiens","NISP","pollen","NA","Vascular plants","UPHE","NA","NA"
"cf. Iva annua","NISP","pollen","NA","Vascular plants","UPHE","NA","NA"
"cf. Linaria canadensis","NISP","pollen","NA","Vascular plants","UPHE","cf. Linaria canadensis","NA"
"cf. Linum","NISP","pollen","NA","Vascular plants","UPHE","NA","NA"
"cf. Lobelia siphilitica","NISP","pollen","NA","Vascular plants","UPHE","NA","NA"
"cf. Lysimachia","NISP","pollen","NA","Vascular plants","UPHE","NA","NA"
"cf. Lysimachia thyrsiflora","NISP","pollen","NA","Vascular plants","UPHE","NA","NA"
"cf. Medicago","NISP","pollen","NA","Vascular plants","UPHE","NA","NA"
"cf. Mertensia paniculata","NISP","pollen","NA","Vascular plants","UPHE","NA","NA"
"cf. Mitella nuda","NISP","pollen","NA","Vascular plants","UPHE","cf. Mitella nuda","NA"
"cf. Parietaria pensylvanica","NISP","pollen","NA","Vascular plants","UPHE","cf. Parietaria pensylvanica","NA"
"cf. Parnassia","NISP","pollen","NA","Vascular plants","UPHE","NA","NA"
"cf. Pedicularis","NISP","pollen","NA","Vascular plants","UPHE","NA","NA"
"cf. Penthorum sedoides","NISP","pollen","NA","Vascular plants","UPHE","NA","NA"
"cf. Phacelia hastata","NISP","pollen","NA","Vascular plants","UPHE","cf. Phacelia hastata","NA"
"cf. Plantago","NISP","pollen","NA","Vascular plants","UPHE","NA","NA"
"cf. Polygonum","NISP","pollen","NA","Vascular plants","UPHE","NA","NA"
"cf. Rumex","NISP","pollen","NA","Vascular plants","UPHE","NA","NA"
"cf. Saxifraga oppositifolia","NISP","pollen","NA","Vascular plants","UPHE","cf. Saxifraga oppositifolia","NA"
"cf. Saxifragaceae","NISP","pollen","NA","Vascular plants","UPHE","NA","NA"
"cf. Thalictrum","NISP","pollen","NA","Vascular plants","UPHE","NA","NA"
"cf. Thalictrum","NISP digitized","pollen","NA","Vascular plants","UPHE","NA","NA"
"cf. Tidestromia","NISP","pollen","NA","Vascular plants","UPHE","cf. Tidestromia","NA"
"cf. Urtica","NISP","pollen","NA","Vascular plants","UPHE","NA","NA"
"cf. Veronicastrum","NISP","pollen","NA","Vascular plants","UPHE","NA","NA"
"cf. Veronicastrum virginicum","NISP","pollen","NA","Vascular plants","UPHE","NA","NA"
"Chamaenerion latifolium","NISP","pollen","NA","Vascular plants","UPHE","Chamaenerion latifolium","NA"
"Chamaesyce","NISP","pollen","NA","Vascular plants","UPHE","NA","NA"
"Chamaesyce-type","NISP","pollen","NA","Vascular plants","UPHE","Chamaesyce-type","NA"
"Chenopodiaceae sensu stricto","NISP","pollen","NA","Vascular plants","UPHE","Chenopodiaceae sensu stricto","NA"
"Chenopodium","NISP","pollen","NA","Vascular plants","UPHE","NA","NA"
"Chenopodium-type","NISP","pollen","NA","Vascular plants","UPHE","NA","NA"
"Chrysosplenium","NISP","pollen","NA","Vascular plants","UPHE","Chrysosplenium","NA"
"Chrysosplenium-type","NISP","pollen","NA","Vascular plants","UPHE","NA","NA"
"Cirsium","NISP","pollen","NA","Vascular plants","UPHE","NA","NA"
"Cirsium-type","NISP","pollen","NA","Vascular plants","UPHE","Cirsium-type","NA"
"Comandra","NISP","pollen","NA","Vascular plants","UPHE","Comandra","NA"
"Crassulaceae","NISP","pollen","NA","Vascular plants","UPHE","NA","NA"
"Cuscuta","NISP","pollen","NA","Vascular plants","UPHE","NA","NA"
"Cyclachaena xanthiifolia","NISP","pollen","NA","Vascular plants","UPHE","NA","NA"
"Cyclachaena xanthiifolia-type","NISP","pollen","NA","Vascular plants","UPHE","NA","NA"
"Cyperaceae","NISP","pollen","NA","Vascular plants","UPHE","NA","NA"
"Cyperaceae","NISP digitized","pollen","NA","Vascular plants","UPHE","NA","NA"
"Cyperaceae undiff.","NISP","pollen","NA","Vascular plants","UPHE","Cyperaceae undiff.","NA"
"Dalea","NISP","pollen","NA","Vascular plants","UPHE","NA","NA"
"Dalea candida","NISP","pollen","NA","Vascular plants","UPHE","NA","NA"
"Dalea candida-type","NISP","pollen","NA","Vascular plants","UPHE","NA","NA"
"Dalea purpurea","NISP","pollen","NA","Vascular plants","UPHE","NA","NA"
"Dalea purpurea-type","NISP","pollen","NA","Vascular plants","UPHE","Dalea purpurea-type","NA"
"Dalea undiff.","NISP","pollen","NA","Vascular plants","UPHE","Dalea undiff.","NA"
"Dicentra","NISP","pollen","NA","Vascular plants","UPHE","Dicentra","NA"
"Dracocephalum-type","NISP","pollen","NA","Vascular plants","UPHE","NA","NA"
"Dryas","NISP","pollen","NA","Vascular plants","UPHE","Dryas","NA"
"Dryas-type","NISP","pollen","NA","Vascular plants","UPHE","NA","NA"
"Elymus","NISP","pollen","NA","Vascular plants","UPHE","NA","NA"
"Epilobium","NISP","pollen","NA","Vascular plants","UPHE","NA","NA"
"Epilobium-type","NISP","pollen","NA","Vascular plants","UPHE","NA","NA"
"Eriogonum","NISP","pollen","NA","Vascular plants","UPHE","NA","NA"
"Eupatorium","NISP","pollen","NA","Vascular plants","UPHE","Eupatorium","NA"
"Euphorbia","NISP","pollen","NA","Vascular plants","UPHE","NA","NA"
"Euphorbiaceae","NISP","pollen","NA","Vascular plants","UPHE","NA","NA"
"Euphorbiaceae cf. Chamaesyce","NISP","pollen","NA","Vascular plants","UPHE","Euphorbiaceae cf. Chamaesyce","NA"
"Fabaceae","NISP","pollen","NA","Vascular plants","UPHE","NA","NA"
"Fabaceae cf. Melilotus","NISP","pollen","NA","Vascular plants","UPHE","NA","NA"
"Fabaceae cf. Melilotus officinalis","NISP","pollen","NA","Vascular plants","UPHE","NA","NA"
"Fabaceae cf. Oxytropis","NISP","pollen","NA","Vascular plants","UPHE","NA","NA"
"Fabaceae cf. tribe Psoraleeae","NISP","pollen","NA","Vascular plants","UPHE","NA","NA"
"Fabaceae cf. Trifolium","NISP","pollen","NA","Vascular plants","UPHE","NA","NA"
"Fabaceae tribe Psoraleeae","NISP","pollen","NA","Vascular plants","UPHE","NA","NA"
"Fabaceae undiff.","NISP","pollen","NA","Vascular plants","UPHE","NA","NA"
"Fagopyrum","NISP","pollen","NA","Vascular plants","UPHE","Fagopyrum","NA"
"Fallopia convolvulus","NISP","pollen","NA","Vascular plants","UPHE","NA","NA"
"Fallopia convolvulus-type","NISP","pollen","NA","Vascular plants","UPHE","Fallopia convolvulus-type","NA"
"Filipendula","NISP","pollen","NA","Vascular plants","UPHE","NA","NA"
"Filipendula rubra","NISP","pollen","NA","Vascular plants","UPHE","NA","NA"
"Galium","NISP","pollen","NA","Vascular plants","UPHE","NA","NA"
"Galium-type","NISP","pollen","NA","Vascular plants","UPHE","Galium-type","NA"
"Gentiana","NISP","pollen","NA","Vascular plants","UPHE","NA","NA"
"Gentiana andrewsii-type","NISP","pollen","NA","Vascular plants","UPHE","Gentiana andrewsii-type","NA"
"Gentiana puberulenta-type","NISP","pollen","NA","Vascular plants","UPHE","NA","NA"
"Gentianaceae","NISP","pollen","NA","Vascular plants","UPHE","NA","NA"
"Geranium","NISP","pollen","NA","Vascular plants","UPHE","NA","NA"
"Geum","NISP","pollen","NA","Vascular plants","UPHE","NA","NA"
"Geum-type","NISP","pollen","NA","Vascular plants","UPHE","NA","NA"
"Hedysarum","NISP","pollen","NA","Vascular plants","UPHE","NA","NA"
"Helianthus","NISP","pollen","NA","Vascular plants","UPHE","Helianthus","NA"
"Houstonia","NISP","pollen","NA","Vascular plants","UPHE","NA","NA"
"Humulus","NISP","pollen","NA","Vascular plants","UPHE","NA","NA"
"Humulus lupulus","NISP","pollen","NA","Vascular plants","UPHE","NA","NA"
"Humulus-type","NISP","pollen","NA","Vascular plants","UPHE","NA","NA"
"Humulus/Cannabis","NISP","pollen","NA","Vascular plants","UPHE","NA","NA"
"Humulus/Cannabis sativa","NISP","pollen","NA","Vascular plants","UPHE","Humulus/Cannabis sativa","NA"
"Hydrophyllum","NISP","pollen","NA","Vascular plants","UPHE","Hydrophyllum","NA"
"Hydrophyllum cf. H. virginianum","NISP","pollen","NA","Vascular plants","UPHE","NA","NA"
"Hydrophyllum virginianum","NISP","pollen","NA","Vascular plants","UPHE","NA","NA"
"Hypericum","NISP","pollen","NA","Vascular plants","UPHE","NA","NA"
"Hypoxis","NISP","pollen","NA","Vascular plants","UPHE","Hypoxis","NA"
"Hypoxis hirsuta","NISP","pollen","NA","Vascular plants","UPHE","NA","NA"
"Impatiens","NISP","pollen","NA","Vascular plants","UPHE","NA","NA"
"Impatiens capensis","NISP","pollen","NA","Vascular plants","UPHE","NA","NA"
"Ipomoea","NISP","pollen","NA","Vascular plants","UPHE","Ipomoea","NA"
"Iridaceae","NISP","pollen","NA","Vascular plants","UPHE","Iridaceae","NA"
"Iris","NISP","pollen","NA","Vascular plants","UPHE","NA","NA"
"Iva","NISP","pollen","NA","Vascular plants","UPHE","NA","NA"
"Iva annua","NISP","pollen","NA","Vascular plants","UPHE","NA","NA"
"Iva annua-type","NISP","pollen","NA","Vascular plants","UPHE","NA","NA"
"Iva undiff.","NISP","pollen","NA","Vascular plants","UPHE","NA","NA"
"Knautia","NISP","pollen","NA","Vascular plants","UPHE","Knautia","NA"
"Koenigia islandica","NISP","pollen","NA","Vascular plants","UPHE","NA","NA"
"Lamiaceae","NISP","pollen","NA","Vascular plants","UPHE","NA","NA"
"Lamiaceae cf. Stachys","NISP","pollen","NA","Vascular plants","UPHE","NA","NA"
"Lamiaceae undiff.","NISP","pollen","NA","Vascular plants","UPHE","NA","NA"
"Laportea","NISP","pollen","NA","Vascular plants","UPHE","NA","NA"
"Laportea-type","NISP","pollen","NA","Vascular plants","UPHE","NA","NA"
"Lathyrus-type","NISP","pollen","NA","Vascular plants","UPHE","NA","NA"
"Liliaceae","NISP","pollen","NA","Vascular plants","UPHE","NA","NA"
"Liliaceae undiff.","NISP","pollen","NA","Vascular plants","UPHE","NA","NA"
"Lilium","NISP","pollen","NA","Vascular plants","UPHE","NA","NA"
"Lilium philadelphicum","NISP","pollen","NA","Vascular plants","UPHE","NA","NA"
"Lilium philadelphicum-type","NISP","pollen","NA","Vascular plants","UPHE","Lilium philadelphicum-type","NA"
"Linaria","NISP","pollen","NA","Vascular plants","UPHE","NA","NA"
"Linnaea borealis","NISP","pollen","NA","Vascular plants","UPHE","NA","NA"
"Linum","NISP","pollen","NA","Vascular plants","UPHE","NA","NA"
"Linum cf. L. usitatissimum","NISP","pollen","NA","Vascular plants","UPHE","NA","NA"
"Listera","NISP","pollen","NA","Vascular plants","UPHE","Listera","NA"
"Lotus","NISP","pollen","NA","Vascular plants","UPHE","NA","NA"
"Lycopus","NISP","pollen","NA","Vascular plants","UPHE","NA","NA"
"Lycopus-type","NISP","pollen","NA","Vascular plants","UPHE","NA","NA"
"Lysimachia","NISP","pollen","NA","Vascular plants","UPHE","Lysimachia","NA"
"Lysimachia ciliata-type","NISP","pollen","NA","Vascular plants","UPHE","NA","NA"
"Lysimachia quadriflora-type","NISP","pollen","NA","Vascular plants","UPHE","Lysimachia quadriflora-type","NA"
"Lysimachia thyrsiflora","NISP","pollen","NA","Vascular plants","UPHE","Lysimachia thyrsiflora","NA"
"Lythraceae","NISP","pollen","NA","Vascular plants","UPHE","NA","NA"
"Lythrum","NISP","pollen","NA","Vascular plants","UPHE","Lythrum","NA"
"Lythrum alatum","NISP","pollen","NA","Vascular plants","UPHE","NA","NA"
"Maianthemum","NISP","pollen","NA","Vascular plants","UPHE","NA","NA"
"Maianthemum trifolia-type","NISP","pollen","NA","Vascular plants","UPHE","Maianthemum trifolia-type","NA"
"Malvaceae sensu stricto","NISP","pollen","NA","Vascular plants","UPHE","NA","NA"
"Malvaceae undiff.","NISP","pollen","NA","Vascular plants","UPHE","Malvaceae undiff.","NA"
"Medicago","NISP","pollen","NA","Vascular plants","UPHE","Medicago","NA"
"Medicago sativa","NISP","pollen","NA","Vascular plants","UPHE","NA","NA"
"Melilotus","NISP","pollen","NA","Vascular plants","UPHE","NA","NA"
"Melilotus-type","NISP","pollen","NA","Vascular plants","UPHE","Melilotus-type","NA"
"Menispermaceae","NISP","pollen","NA","Vascular plants","UPHE","NA","NA"
"Mentha","NISP","pollen","NA","Vascular plants","UPHE","NA","NA"
"Mentha-type","NISP","pollen","NA","Vascular plants","UPHE","NA","NA"
"Mertensia-type","NISP","pollen","NA","Vascular plants","UPHE","NA","NA"
"Micranthes cf. M. virginiensis","NISP","pollen","NA","Vascular plants","UPHE","NA","NA"
"Mimulus","NISP","pollen","NA","Vascular plants","UPHE","NA","NA"
"Mitella","NISP","pollen","NA","Vascular plants","UPHE","NA","NA"
"Mitella-type","NISP","pollen","NA","Vascular plants","UPHE","NA","NA"
"Monotropa uniflora","NISP","pollen","NA","Vascular plants","UPHE","NA","NA"
"Montia","NISP","pollen","NA","Vascular plants","UPHE","Montia","NA"
"Muscari","NISP","pollen","NA","Vascular plants","UPHE","Muscari","NA"
"Myosotis","NISP","pollen","NA","Vascular plants","UPHE","NA","NA"
"Onagraceae","NISP","pollen","NA","Vascular plants","UPHE","NA","NA"
"Onosmodium","NISP","pollen","NA","Vascular plants","UPHE","NA","NA"
"Oxalidaceae","NISP","pollen","NA","Vascular plants","UPHE","NA","NA"
"Oxalis","NISP","pollen","NA","Vascular plants","UPHE","Oxalis","NA"
"Oxyria digyna","NISP","pollen","NA","Vascular plants","UPHE","NA","NA"
"Oxytropis","NISP","pollen","NA","Vascular plants","UPHE","Oxytropis","NA"
"Papaveraceae","NISP","pollen","NA","Vascular plants","UPHE","NA","NA"
"Parietaria","NISP","pollen","NA","Vascular plants","UPHE","Parietaria","NA"
"Parietaria-type","NISP","pollen","NA","Vascular plants","UPHE","NA","NA"
"Parnassia","NISP","pollen","NA","Vascular plants","UPHE","Parnassia","NA"
"Pedicularis","NISP","pollen","NA","Vascular plants","UPHE","Pedicularis","NA"
"Pediomelum-type","NISP","pollen","NA","Vascular plants","UPHE","NA","NA"
"Penthorum sedoides","NISP","pollen","NA","Vascular plants","UPHE","NA","NA"
"Persicaria amphibia","NISP","pollen","NA","Vascular plants","UPHE","NA","NA"
"Persicaria amphibia-type","NISP","pollen","NA","Vascular plants","UPHE","Persicaria amphibia-type","NA"
"Persicaria lapathifolia","NISP","pollen","NA","Vascular plants","UPHE","NA","NA"
"Persicaria lapathifolia-type","NISP","pollen","NA","Vascular plants","UPHE","Persicaria lapathifolia-type","NA"
"Persicaria maculosa","NISP","pollen","NA","Vascular plants","UPHE","NA","NA"
"Persicaria maculosa-type","NISP","pollen","NA","Vascular plants","UPHE","NA","NA"
"Phacelia cf. P. franklinii","NISP","pollen","NA","Vascular plants","UPHE","NA","NA"
"Phacelia hastata-type","NISP","pollen","NA","Vascular plants","UPHE","NA","NA"
"Phlox","NISP","pollen","NA","Vascular plants","UPHE","NA","NA"
"Phlox cf. P. hoodii","NISP","pollen","NA","Vascular plants","UPHE","NA","NA"
"Phlox pilosa","NISP","pollen","NA","Vascular plants","UPHE","NA","NA"
"Phlox pilosa-type","NISP","pollen","NA","Vascular plants","UPHE","NA","NA"
"Pilea-type","NISP","pollen","NA","Vascular plants","UPHE","NA","NA"
"Plantago","NISP","pollen","NA","Vascular plants","UPHE","NA","NA"
"Plantago cf. P. major","NISP","pollen","NA","Vascular plants","UPHE","NA","NA"
"Plantago lanceolata","NISP","pollen","NA","Vascular plants","UPHE","NA","NA"
"Plantago lanceolata-type","NISP","pollen","NA","Vascular plants","UPHE","NA","NA"
"Plantago major","NISP","pollen","NA","Vascular plants","UPHE","NA","NA"
"Plantago major-type","NISP","pollen","NA","Vascular plants","UPHE","Plantago major-type","NA"
"Plantago major/P. media","NISP","pollen","NA","Vascular plants","UPHE","Plantago major/P. media","NA"
"Plantago rugelii","NISP","pollen","NA","Vascular plants","UPHE","NA","NA"
"Plantago undiff.","NISP","pollen","NA","Vascular plants","UPHE","Plantago undiff.","NA"
"Poaceae","NISP","pollen","NA","Vascular plants","UPHE","NA","NA"
"Poaceae","NISP digitized","pollen","NA","Vascular plants","UPHE","NA","NA"
"Poaceae cf. Zea","NISP","pollen","NA","Vascular plants","UPHE","NA","NA"
"Poaceae undiff.","NISP","pollen","NA","Vascular plants","UPHE","NA","NA"
"Polemoniaceae","NISP","pollen","NA","Vascular plants","UPHE","NA","NA"
"Polemonium","NISP","pollen","NA","Vascular plants","UPHE","NA","NA"
"Polygala","NISP","pollen","NA","Vascular plants","UPHE","Polygala","NA"
"Polygalaceae","NISP","pollen","NA","Vascular plants","UPHE","Polygalaceae","NA"
"Polygonaceae (tricolporate)","NISP","pollen","NA","Vascular plants","UPHE","NA","NA"
"Polygonaceae undiff.","NISP","pollen","NA","Vascular plants","UPHE","NA","NA"
"Polygonum","NISP","pollen","NA","Vascular plants","UPHE","NA","NA"
"Polygonum (tricolporate)","NISP","pollen","NA","Vascular plants","UPHE","NA","NA"
"Polygonum aviculare","NISP","pollen","NA","Vascular plants","UPHE","NA","NA"
"Polygonum aviculare-type","NISP","pollen","NA","Vascular plants","UPHE","Polygonum aviculare-type","NA"
"Polygonum sensu lato","NISP","pollen","NA","Vascular plants","UPHE","NA","NA"
"Polygonum sensu lato undiff.","NISP","pollen","NA","Vascular plants","UPHE","Polygonum sensu lato undiff.","NA"
"Polygonum undiff.","NISP","pollen","NA","Vascular plants","UPHE","NA","NA"
"Portulaca","NISP","pollen","NA","Vascular plants","UPHE","Portulaca","NA"
"Potentilla","NISP","pollen","NA","Vascular plants","UPHE","NA","NA"
"Potentilla-type","NISP","pollen","NA","Vascular plants","UPHE","Potentilla-type","NA"
"Primula","NISP","pollen","NA","Vascular plants","UPHE","Primula","NA"
"Primula farinosa-type","NISP","pollen","NA","Vascular plants","UPHE","NA","NA"
"Primulaceae","NISP","pollen","NA","Vascular plants","UPHE","NA","NA"
"Primulaceae undiff.","NISP","pollen","NA","Vascular plants","UPHE","NA","NA"
"Prunella-type","NISP","pollen","NA","Vascular plants","UPHE","NA","NA"
"Prunus/Sorbus","NISP","pollen","NA","Vascular plants","UPHE","NA","NA"
"Ranunculaceae","NISP","pollen","NA","Vascular plants","UPHE","NA","NA"
"Ranunculaceae (tricolpate)","NISP","pollen","NA","Vascular plants","UPHE","Ranunculaceae (tricolpate)","NA"
"Ranunculaceae (tricolpate) undiff.","NISP","pollen","NA","Vascular plants","UPHE","Ranunculaceae (tricolpate) undiff.","NA"
"Ranunculaceae undiff.","NISP","pollen","NA","Vascular plants","UPHE","NA","NA"
"Ranunculus","NISP","pollen","NA","Vascular plants","UPHE","NA","NA"
"Ranunculus flabellaris","NISP","pollen","NA","Vascular plants","UPHE","NA","NA"
"Ranunculus flabellaris-type","NISP","pollen","NA","Vascular plants","UPHE","NA","NA"
"Ranunculus sp.","NISP","pollen","NA","Vascular plants","UPHE","NA","NA"
"Ranunculus undiff.","NISP","pollen","NA","Vascular plants","UPHE","NA","NA"
"Ranunculus-type","NISP","pollen","NA","Vascular plants","UPHE","NA","NA"
"Rhinanthus","NISP","pollen","NA","Vascular plants","UPHE","Rhinanthus","NA"
"Rosa","NISP","pollen","NA","Vascular plants","UPHE","NA","NA"
"Rosa-type","NISP","pollen","NA","Vascular plants","UPHE","Rosa-type","NA"
"Rosaceae","NISP","pollen","NA","Vascular plants","UPHE","NA","NA"
"Rosaceae undiff.","NISP","pollen","NA","Vascular plants","UPHE","NA","NA"
"Rubiaceae (pentacolpate)","NISP","pollen","NA","Vascular plants","UPHE","Rubiaceae (pentacolpate)","NA"
"Rubiaceae undiff.","NISP","pollen","NA","Vascular plants","UPHE","NA","NA"
"Rumex","NISP","pollen","NA","Vascular plants","UPHE","NA","NA"
"Rumex acetosa-type","NISP","pollen","NA","Vascular plants","UPHE","Rumex acetosa-type","NA"
"Rumex cf. R. britannica","NISP","pollen","NA","Vascular plants","UPHE","NA","NA"
"Rumex cf. R. mexicanus","NISP","pollen","NA","Vascular plants","UPHE","NA","NA"
"Rumex cf. R. salicifolius","NISP","pollen","NA","Vascular plants","UPHE","NA","NA"
"Rumex cf. R. verticillatus","NISP","pollen","NA","Vascular plants","UPHE","Rumex cf. R. verticillatus","NA"
"Rumex undiff.","NISP","pollen","NA","Vascular plants","UPHE","Rumex undiff.","NA"
"Rumex-type undiff.","NISP","pollen","NA","Vascular plants","UPHE","NA","NA"
"Sagina","NISP","pollen","NA","Vascular plants","UPHE","NA","NA"
"Salsola","NISP","pollen","NA","Vascular plants","UPHE","NA","NA"
"Salsola kali","NISP","pollen","NA","Vascular plants","UPHE","Salsola kali","NA"
"Sanguinaria canadensis","NISP","pollen","NA","Vascular plants","UPHE","Sanguinaria canadensis","NA"
"Sanguisorba","NISP","pollen","NA","Vascular plants","UPHE","NA","NA"
"Sanguisorba canadensis","NISP","pollen","NA","Vascular plants","UPHE","NA","NA"
"Sanguisorba-type","NISP","pollen","NA","Vascular plants","UPHE","NA","NA"
"Sanicula","NISP","pollen","NA","Vascular plants","UPHE","Sanicula","NA"
"Sarcobatus","NISP","pollen","NA","Vascular plants","UPHE","NA","NA"
"Saxifraga","NISP","pollen","NA","Vascular plants","UPHE","NA","NA"
"Saxifraga oppositifolia","NISP","pollen","NA","Vascular plants","UPHE","NA","NA"
"Saxifraga oppositifolia","NISP digitized","pollen","NA","Vascular plants","UPHE","NA","NA"
"Saxifraga oppositifolia-type","NISP","pollen","NA","Vascular plants","UPHE","Saxifraga oppositifolia-type","NA"
"Saxifraga undiff.","NISP","pollen","NA","Vascular plants","UPHE","NA","NA"
"Saxifraga-type","NISP","pollen","NA","Vascular plants","UPHE","NA","NA"
"Saxifraga-type","NISP digitized","pollen","NA","Vascular plants","UPHE","NA","NA"
"Saxifragaceae","NISP","pollen","NA","Vascular plants","UPHE","NA","NA"
"Saxifragaceae undiff.","NISP","pollen","NA","Vascular plants","UPHE","NA","NA"
"Scrophularia","NISP","pollen","NA","Vascular plants","UPHE","NA","NA"
"Scrophulariaceae","NISP","pollen","NA","Vascular plants","UPHE","NA","NA"
"Scutellaria cf. S. galericulata","NISP","pollen","NA","Vascular plants","UPHE","NA","NA"
"Scutellaria-type","NISP","pollen","NA","Vascular plants","UPHE","NA","NA"
"Secale","NISP","pollen","NA","Vascular plants","UPHE","NA","NA"
"Secale-type","NISP","pollen","NA","Vascular plants","UPHE","Secale-type","NA"
"Sinapis arvensis","NISP","pollen","NA","Vascular plants","UPHE","NA","NA"
"Sisyrinchium","NISP","pollen","NA","Vascular plants","UPHE","Sisyrinchium","NA"
"Sium-type","NISP","pollen","NA","Vascular plants","UPHE","NA","NA"
"Solanaceae","NISP","pollen","NA","Vascular plants","UPHE","Solanaceae","NA"
"Solanum","NISP","pollen","NA","Vascular plants","UPHE","NA","NA"
"Solanum rostratum","NISP","pollen","NA","Vascular plants","UPHE","Solanum rostratum","NA"
"Spergularia-type","NISP","pollen","NA","Vascular plants","UPHE","NA","NA"
"Stachys","NISP","pollen","NA","Vascular plants","UPHE","Stachys","NA"
"Stachys-type","NISP","pollen","NA","Vascular plants","UPHE","Stachys-type","NA"
"Stellaria","NISP","pollen","NA","Vascular plants","UPHE","NA","NA"
"Suaeda","NISP","pollen","NA","Vascular plants","UPHE","NA","NA"
"Suaeda calceoliformis","NISP","pollen","NA","Vascular plants","UPHE","Suaeda calceoliformis","NA"
"Taraxacum","NISP","pollen","NA","Vascular plants","UPHE","NA","NA"
"Taraxacum-type","NISP","pollen","NA","Vascular plants","UPHE","Taraxacum-type","NA"
"Thalictrum","NISP","pollen","NA","Vascular plants","UPHE","NA","NA"
"Thalictrum cf. T. dasycarpum","NISP","pollen","NA","Vascular plants","UPHE","NA","NA"
"Thalictrum cf. T. dioicum","NISP","pollen","NA","Vascular plants","UPHE","NA","NA"
"Thalictrum confine-type","NISP","pollen","NA","Vascular plants","UPHE","NA","NA"
"Thalictrum dasycarpum-type","NISP","pollen","NA","Vascular plants","UPHE","NA","NA"
"Thalictrum dioicum-type","NISP","pollen","NA","Vascular plants","UPHE","NA","NA"
"Thalictrum undiff.","NISP","pollen","NA","Vascular plants","UPHE","NA","NA"
"Thalictrum venulosum-type","NISP","pollen","NA","Vascular plants","UPHE","NA","NA"
"Thalictrum-type","NISP","pollen","NA","Vascular plants","UPHE","NA","NA"
"Tidestromia","NISP","pollen","NA","Vascular plants","UPHE","NA","NA"
"Tidestromia lanuginosa","NISP","pollen","NA","Vascular plants","UPHE","NA","NA"
"Tidestromia-type","NISP","pollen","NA","Vascular plants","UPHE","Tidestromia-type","NA"
"Tofieldia","NISP","pollen","NA","Vascular plants","UPHE","NA","NA"
"Tofieldia pusilla","NISP","pollen","NA","Vascular plants","UPHE","Tofieldia pusilla","NA"
"Triantha glutinosa","NISP","pollen","NA","Vascular plants","UPHE","NA","NA"
"Trientalis","NISP","pollen","NA","Vascular plants","UPHE","Trientalis","NA"
"Trifolium","NISP","pollen","NA","Vascular plants","UPHE","Trifolium","NA"
"Trifolium cf. T. pratense","NISP","pollen","NA","Vascular plants","UPHE","NA","NA"
"Trifolium pratense","NISP","pollen","NA","Vascular plants","UPHE","Trifolium pratense","NA"
"Trifolium pratense-type","NISP","pollen","NA","Vascular plants","UPHE","NA","NA"
"Trifolium repens","NISP","pollen","NA","Vascular plants","UPHE","Trifolium repens","NA"
"Trifolium repens-type","NISP","pollen","NA","Vascular plants","UPHE","NA","NA"
"Trifolium-type","NISP","pollen","NA","Vascular plants","UPHE","Trifolium-type","NA"
"Triodanis","NISP","pollen","NA","Vascular plants","UPHE","NA","NA"
"Triticum","NISP","pollen","NA","Vascular plants","UPHE","NA","NA"
"Triticum-type","NISP","pollen","NA","Vascular plants","UPHE","Triticum-type","NA"
"Urtica","NISP","pollen","NA","Vascular plants","UPHE","NA","NA"
"Urtica-type","NISP","pollen","NA","Vascular plants","UPHE","NA","NA"
"Urticaceae","NISP","pollen","NA","Vascular plants","UPHE","NA","NA"
"Valeriana","NISP","pollen","NA","Vascular plants","UPHE","NA","NA"
"Valeriana edulis","NISP","pollen","NA","Vascular plants","UPHE","Valeriana edulis","NA"
"Verbena","NISP","pollen","NA","Vascular plants","UPHE","NA","NA"
"Veronica","NISP","pollen","NA","Vascular plants","UPHE","NA","NA"
"Vicia-type","NISP","pollen","NA","Vascular plants","UPHE","Vicia-type","NA"
"Viola","NISP","pollen","NA","Vascular plants","UPHE","NA","NA"
"Violaceae","NISP","pollen","NA","Vascular plants","UPHE","NA","NA"
"Xanthium","NISP","pollen","NA","Vascular plants","UPHE","NA","NA"
"Xanthium-type","NISP","pollen","NA","Vascular plants","UPHE","Xanthium-type","NA"
"Xyris","NISP","pollen","NA","Vascular plants","UPHE","Xyris","NA"
"Zea","NISP","pollen","NA","Vascular plants","UPHE","Zea","NA"
"Zea mays","NISP","pollen","NA","Vascular plants","UPHE","NA","NA"
"Zigadenus","NISP","pollen","NA","Vascular plants","UPHE","Zigadenus","NA"
"Adiantum","NISP","spore","NA","Vascular plants","VACR","NA","NA"
"Adiantum pedatum","NISP","spore","NA","Vascular plants","VACR","Adiantum pedatum","NA"
"Adiantum-type","NISP","spore","NA","Vascular plants","VACR","NA","NA"
"Asplenium","NISP","spore","NA","Vascular plants","VACR","NA","NA"
"Asplenium-type","NISP","spore","NA","Vascular plants","VACR","Asplenium-type","NA"
"Athyrium","NISP","spore","NA","Vascular plants","VACR","NA","NA"
"Athyrium filix-femina","NISP","spore","NA","Vascular plants","VACR","NA","NA"
"Athyrium-type","NISP","spore","NA","Vascular plants","VACR","Athyrium-type","NA"
"Botrychium","NISP","spore","NA","Vascular plants","VACR","NA","NA"
"Botrychium cf. B. dissectum","NISP","spore","NA","Vascular plants","VACR","NA","NA"
"Botrychium cf. B. lunaria","NISP","spore","NA","Vascular plants","VACR","NA","NA"
"Botrychium cf. B. multifidum","NISP","spore","NA","Vascular plants","VACR","NA","NA"
"Botrychium lunaria","NISP","spore","NA","Vascular plants","VACR","NA","NA"
"Botrychium multifidum","NISP","spore","NA","Vascular plants","VACR","Botrychium multifidum","NA"
"Botrychium undiff.","NISP","spore","NA","Vascular plants","VACR","NA","NA"
"Botrychium virginianum","NISP","spore","NA","Vascular plants","VACR","NA","NA"
"Botrychium-type","NISP","spore","NA","Vascular plants","VACR","Botrychium-type","NA"
"cf. Adiantum","NISP","spore","NA","Vascular plants","VACR","NA","NA"
"cf. Asplenium","NISP","spore","NA","Vascular plants","VACR","NA","NA"
"cf. Athyrium","NISP","spore","NA","Vascular plants","VACR","NA","NA"
"cf. Botrychium","NISP","spore","NA","Vascular plants","VACR","NA","NA"
"cf. Cyatheaceae","NISP","spore","NA","Vascular plants","VACR","cf. Cyatheaceae","NA"
"cf. Dennstaedtia","NISP","spore","NA","Vascular plants","VACR","NA","NA"
"cf. Gymnocarpium","NISP","spore","NA","Vascular plants","VACR","NA","NA"
"cf. Onoclea sensibilis","NISP","spore","NA","Vascular plants","VACR","NA","NA"
"cf. Osmunda","NISP","spore","NA","Vascular plants","VACR","NA","NA"
"cf. Rugulatisporites quintus","NISP","spore","anachronic","Vascular plants","VACR","NA","NA"
"cf. Selaginella","NISP","spore","NA","Vascular plants","VACR","cf. Selaginella","NA"
"cf. Triplanosporites","NISP","spore","anachronic","Vascular plants","VACR","NA","NA"
"Cheilanthes","NISP","spore","NA","Vascular plants","VACR","Cheilanthes","NA"
"Claytosmunda claytoniana","NISP","spore","NA","Vascular plants","VACR","NA","NA"
"Cryptogramma","NISP","spore","NA","Vascular plants","VACR","NA","NA"
"Cryptogramma cf. C. stelleri","NISP","spore","NA","Vascular plants","VACR","NA","NA"
"Cystopteris","NISP","spore","NA","Vascular plants","VACR","Cystopteris","NA"
"Cystopteris bulbifera","NISP","spore","NA","Vascular plants","VACR","NA","NA"
"Cystopteris fragilis","NISP","spore","NA","Vascular plants","VACR","NA","NA"
"Dennstaedtia","NISP","spore","NA","Vascular plants","VACR","Dennstaedtia","NA"
"Diphasiastrum complanatum","NISP","spore","NA","Vascular plants","VACR","NA","NA"
"Diphasiastrum complanatum-type","NISP","spore","NA","Vascular plants","VACR","NA","NA"
"Diphasiastrum tristachyum","NISP","spore","NA","Vascular plants","VACR","Diphasiastrum tristachyum","NA"
"Dryopteris","NISP","spore","NA","Vascular plants","VACR","Dryopteris","NA"
"Dryopteris campyloptera","NISP","spore","NA","Vascular plants","VACR","NA","NA"
"Dryopteris carthusiana","NISP","spore","NA","Vascular plants","VACR","Dryopteris carthusiana","NA"
"Dryopteris carthusiana-type","NISP","spore","NA","Vascular plants","VACR","Dryopteris carthusiana-type","NA"
"Dryopteris cf. D. filix-mas","NISP","spore","NA","Vascular plants","VACR","NA","NA"
"Dryopteris cf. D. fragrans","NISP","spore","NA","Vascular plants","VACR","NA","NA"
"Dryopteris cf. D. goldiana","NISP","spore","NA","Vascular plants","VACR","NA","NA"
"Dryopteris fragrans","NISP","spore","NA","Vascular plants","VACR","NA","NA"
"Dryopteris goldiana","NISP","spore","NA","Vascular plants","VACR","Dryopteris goldiana","NA"
"Dryopteris-type","NISP","spore","NA","Vascular plants","VACR","NA","NA"
"Dryopteris-type undiff.","NISP","spore","NA","Vascular plants","VACR","Dryopteris-type undiff.","NA"
"Equisetum","NISP","spore","NA","Vascular plants","VACR","NA","NA"
"Equisetum-type","NISP","spore","NA","Vascular plants","VACR","Equisetum-type","NA"
"Gymnocarpium","NISP","spore","NA","Vascular plants","VACR","Gymnocarpium","NA"
"Gymnocarpium robertianum","NISP","spore","NA","Vascular plants","VACR","NA","NA"
"Gymnocarpium-type","NISP","spore","NA","Vascular plants","VACR","Gymnocarpium-type","NA"
"Huperzia","NISP","spore","NA","Vascular plants","VACR","Huperzia","NA"
"Huperzia lucidula","NISP","spore","NA","Vascular plants","VACR","Huperzia lucidula","NA"
"Huperzia lucidula-type","NISP","spore","NA","Vascular plants","VACR","NA","NA"
"Huperzia selago","NISP","spore","NA","Vascular plants","VACR","NA","NA"
"Huperzia selago-type","NISP","spore","NA","Vascular plants","VACR","NA","NA"
"Hymenophyllaceae","NISP","spore","NA","Vascular plants","VACR","Hymenophyllaceae","NA"
"Leptosporangiatae","NISP digitized","spore","NA","Vascular plants","VACR","NA","NA"
"Lycopodiaceae","NISP","spore","NA","Vascular plants","VACR","NA","NA"
"Lycopodiaceae cf. Diphasiastrum complanatum","NISP","spore","NA","Vascular plants","VACR","Lycopodiaceae cf. Diphasiastrum complanatum","NA"
"Lycopodiaceae cf. Lycopodium annotinum","NISP","spore","NA","Vascular plants","VACR","Lycopodiaceae cf. Lycopodium annotinum","NA"
"Lycopodiaceae cf. Lycopodium clavatum","NISP","spore","NA","Vascular plants","VACR","NA","NA"
"Lycopodiaceae undiff.","NISP","spore","NA","Vascular plants","VACR","Lycopodiaceae undiff.","NA"
"Lycopodiella inundata","NISP","spore","NA","Vascular plants","VACR","Lycopodiella inundata","NA"
"Lycopodium","NISP","spore","NA","Vascular plants","VACR","NA","NA"
"Lycopodium annotinum","NISP","spore","NA","Vascular plants","VACR","NA","NA"
"Lycopodium annotinum-type","NISP","spore","NA","Vascular plants","VACR","NA","NA"
"Lycopodium cf. L. clavatum","NISP","spore","NA","Vascular plants","VACR","NA","NA"
"Lycopodium clavatum","NISP","spore","NA","Vascular plants","VACR","Lycopodium clavatum","NA"
"Lycopodium clavatum-type","NISP","spore","NA","Vascular plants","VACR","NA","NA"
"Lycopodium obscurum","NISP","spore","NA","Vascular plants","VACR","NA","NA"
"Lycopodium obscurum-type","NISP","spore","NA","Vascular plants","VACR","Lycopodium obscurum-type","NA"
"Lycopodium undiff.","NISP","spore","NA","Vascular plants","VACR","NA","NA"
"Lycopodium-type","NISP","spore","NA","Vascular plants","VACR","NA","NA"
"Matteuccia","NISP","spore","NA","Vascular plants","VACR","Matteuccia","NA"
"Matteuccia/Onoclea","NISP","spore","NA","Vascular plants","VACR","NA","NA"
"Onoclea","NISP","spore","NA","Vascular plants","VACR","NA","NA"
"Onoclea sensibilis","NISP","spore","NA","Vascular plants","VACR","NA","NA"
"Ophioglossum","NISP","spore","NA","Vascular plants","VACR","NA","NA"
"Ophioglossum cf. O. vulgatum","NISP","spore","NA","Vascular plants","VACR","NA","NA"
"Ophioglossum vulgatum","NISP","spore","NA","Vascular plants","VACR","Ophioglossum vulgatum","NA"
"Osmunda","NISP","spore","NA","Vascular plants","VACR","Osmunda","NA"
"Osmunda regalis","NISP","spore","NA","Vascular plants","VACR","NA","NA"
"Osmunda regalis-type","NISP","spore","NA","Vascular plants","VACR","NA","NA"
"Osmunda regalis/O. claytoniana","NISP","spore","NA","Vascular plants","VACR","NA","NA"
"Osmundaceae undiff.","NISP","spore","NA","Vascular plants","VACR","NA","NA"
"Osmundastrum cinnamomeum","NISP","spore","NA","Vascular plants","VACR","NA","NA"
"Polypodiaceae","NISP","spore","NA","Vascular plants","VACR","NA","NA"
"Polypodiophyta","NISP","spore","NA","Vascular plants","VACR","NA","NA"
"Polypodiophyta (monolete) undiff.","NISP","spore","NA","Vascular plants","VACR","NA","NA"
"Polypodiophyta (trilete)","NISP","spore","NA","Vascular plants","VACR","NA","NA"
"Polypodiophyta (with perine)","NISP","spore","NA","Vascular plants","VACR","NA","NA"
"Polypodiophyta (without perine)","NISP","spore","NA","Vascular plants","VACR","NA","NA"
"Polypodiophyta undiff.","NISP","spore","NA","Vascular plants","VACR","NA","NA"
"Polypodium","NISP","spore","NA","Vascular plants","VACR","NA","NA"
"Polypodium virginianum","NISP","spore","NA","Vascular plants","VACR","NA","NA"
"Polypodium vulgare","NISP","spore","NA","Vascular plants","VACR","NA","NA"
"Polypodium-type","NISP","spore","NA","Vascular plants","VACR","Polypodium-type","NA"
"Polystichum","NISP","spore","NA","Vascular plants","VACR","Polystichum","NA"
"Pteridium","NISP","spore","NA","Vascular plants","VACR","NA","NA"
"Pteridium aquilinum","NISP","spore","NA","Vascular plants","VACR","NA","NA"
"Pteridium-type","NISP","spore","NA","Vascular plants","VACR","NA","NA"
"Pteridophyta","NISP","spore","NA","Vascular plants","VACR","Pteridophyta","NA"
"Pteridophyta undiff.","NISP","spore","NA","Vascular plants","VACR","NA","NA"
"Rugutriletes regularis","NISP","spore","anachronic","Vascular plants","VACR","NA","NA"
"Selaginella","NISP","spore","NA","Vascular plants","VACR","NA","NA"
"Selaginella densa-type","NISP","spore","NA","Vascular plants","VACR","Selaginella densa-type","NA"
"Selaginella rupestris","NISP","spore","NA","Vascular plants","VACR","Selaginella rupestris","NA"
"Selaginella selaginoides","NISP","spore","NA","Vascular plants","VACR","NA","NA"
"Striatriletes","NISP","spore","anachronic","Vascular plants","VACR","NA","NA"
"Thelypteris","NISP","spore","NA","Vascular plants","VACR","Thelypteris","NA"
"Thelypteris palustris","NISP","spore","NA","Vascular plants","VACR","NA","NA"
"Thelypteris palustris-type","NISP","spore","NA","Vascular plants","VACR","Thelypteris palustris-type","NA"
"Woodsia","NISP","spore","NA","Vascular plants","VACR","NA","NA"
"Woodsia cf. W. ilvensis","NISP","spore","NA","Vascular plants","VACR","NA","NA"
"Woodsia obtusa","NISP","spore","NA","Vascular plants","VACR","NA","NA"
